,date,temperature_2m,relative_humidity_2m,dew_point_2m,apparent_temperature,precipitation,rain,snowfall,snow_depth,pressure_msl,surface_pressure,cloud_cover,cloud_cover_low,cloud_cover_mid,cloud_cover_high,wind_speed_10m,wind_speed_100m,wind_direction_10m,wind_direction_100m,wind_gusts_10m,city,lat,lon
1,2023-04-22 04:00:00+00:00,33.6435,47.921608,21.0935,37.86195,0,0,0,0,1007.8,1002.4303,0,0,0,0,6.0347,7.754637,342.64587,338.19852,17.64,srikakulam,19.12,84.7
2,2021-11-15 20:00:00+00:00,23.6935,97.61691,23.293499,28.702282,0.1,0.1,0,0,1008.1,1002.54944,93,100,5,0,4.5536795,11.200571,18.435053,44.999897,8.64,srikakulam,19.12,84.7
3,2021-11-19 11:00:00+00:00,25.9435,84.57622,23.1435,29.522606,0,0,0,0,1006.8,1001.29803,81.9,43,31,82,13.722565,22.366402,94.5139,93.691315,27,srikakulam,19.12,84.7
4,2017-10-05 05:00:00+00:00,27.1435,83.94433,24.1935,31.935417,2.3,2.3,0,0,1008.6,1003.1103,87,45,36,83,9.793058,13.1041975,107.10281,105.945465,24.84,srikakulam,19.12,84.7
5,2017-07-23 00:00:00+00:00,28.4935,71.5175,22.8435,31.6283,0,0,0,0,1001.4,995.9739,32.7,1,3,100,15.530151,28.528723,224.0609,227.04541,29.88,srikakulam,19.12,84.7
6,2024-02-19 01:00:00+00:00,20.5935,92.55132,19.3435,23.40404,0,0,0,0,1014.3,1008.6565,0,0,0,0,5.0142193,14.773164,248.96242,226.97493,12.24,srikakulam,19.12,84.7
7,2019-02-27 00:00:00+00:00,22.9435,91.271034,21.4435,25.962053,0,0,0,0,1008.9,1003.33093,28.2,4,41,0,10.966713,20.929594,203.19862,206.56499,16.199999,srikakulam,19.12,84.7
8,2021-01-25 22:00:00+00:00,20.543499,95.46855,19.793499,23.29224,0,0,0,0,1012.4,1006.7661,12.9,1,0,40,6.9527545,11.792404,201.25058,211.26367,8.28,srikakulam,19.12,84.7
9,2015-04-22 02:00:00+00:00,29.122002,76.06491,24.472,32.24464,0,0,0,0,1008.5,1003.04663,0,0,0,0,22.42427,28.528723,222.39738,222.95459,32.399998,srikakulam,19.12,84.7
10,2017-11-27 16:00:00+00:00,20.043499,91.94477,18.6935,22.26624,0,0,0,0,1013.7,1008.04944,21,0,0,70,6.9247384,9.793058,27.897186,72.89719,9,srikakulam,19.12,84.7
11,2017-10-07 17:00:00+00:00,25.9935,91.73374,24.543499,31.344803,0,0,0,0,1007.6,1002.0946,38.100002,2,14,93,7.491114,16.575644,215.21768,214.3804,13.679999,srikakulam,19.12,84.7
12,2014-04-27 14:00:00+00:00,29.272001,79.0959,25.272001,33.478848,0,0,0,0,1007.4,1001.95514,28.2,0,17,60,18.556595,26.420174,198.08354,199.91649,29.88,srikakulam,19.12,84.7
13,2015-07-26 05:00:00+00:00,28.922,78.57742,24.822,33.195892,0.2,0.2,0,0,1004.7,999.2634,89.700005,1,98,100,16.075521,20.26899,235.95401,236.59215,24.48,srikakulam,19.12,84.7
14,2023-07-13 09:00:00+00:00,30.293499,72.48293,24.793499,34.944973,0.3,0.3,0,0,1002.2,996.8014,70.8,26,29,100,17.026896,23.83896,193.44862,194.87573,36.719997,srikakulam,19.12,84.7
15,2019-01-29 17:00:00+00:00,19.9935,84.1928,17.2435,21.743992,0,0,0,0,1018.2,1012.5234,0.9,1,0,0,5.6920996,14.021525,18.435053,29.197395,10.799999,srikakulam,19.12,84.7
16,2012-01-29 20:00:00+00:00,21.122002,86.72508,18.822,22.955406,0,0,0,0,1014.5,1008.86554,38.7,37,9,0,10.00256,14.33234,59.743652,64.72231,16.919998,srikakulam,19.12,84.7
17,2017-01-08 19:00:00+00:00,18.3435,93.6039,17.293499,20.043463,0,0,0,0,1012.3,1006.6244,0,0,0,0,6.193674,4.802999,324.46225,347.00537,7.5599995,srikakulam,19.12,84.7
18,2017-06-18 05:00:00+00:00,32.8435,63.461388,24.9935,38.889725,0.1,0.1,0,0,1003.4,998.04004,41.100002,3,29,70,4.8965297,6.297428,233.97253,239.03632,20.519999,srikakulam,19.12,84.7
19,2023-07-26 07:00:00+00:00,29.793499,81.30362,26.2435,37.469616,0.3,0.3,0,0,997.6,992.21747,20.400002,2,12,38,2.6208394,3.219938,164.05453,153.43501,29.16,srikakulam,19.12,84.7
20,2018-06-07 20:00:00+00:00,26.6435,95.95072,25.9435,32.790813,2.2,2.2,0,0,1000.1,994.64746,38.4,0,14,100,8.39657,16.92383,210.96368,218.08882,16.56,srikakulam,19.12,84.7
21,2017-11-12 03:00:00+00:00,25.543499,63.44416,18.0935,27.50882,0,0,0,0,1011.7,1006.1641,18.6,2,6,44,6.763786,9.028754,334.79892,336.5014,18,srikakulam,19.12,84.7
22,2014-07-25 04:00:00+00:00,29.272001,68.68956,22.922,33.75114,0,0,0,0,1004.4,998.9713,59.699997,14,30,97,6.6185193,8.891344,337.6198,338.6293,13.32,srikakulam,19.12,84.7
23,2017-05-20 03:00:00+00:00,34.1935,67.21273,27.2435,41.340286,0,0,0,0,1005.3,999.95337,16.5,2,19,11,7.771331,10.137692,193.39252,196.50444,23.039999,srikakulam,19.12,84.7
24,2022-03-05 15:00:00+00:00,23.2435,61.93909,15.5435,24.079348,0,0,0,0,1012.5,1006.91675,29.400002,0,1,96,7.145796,13.1041975,229.08571,200.92458,10.440001,srikakulam,19.12,84.7
25,2023-10-07 21:00:00+00:00,25.4435,96.489586,24.8435,31.18752,0,0,0,0,1007.7,1002.1841,34.2,0,7,100,6.130579,10.495713,273.3664,247.8336,8.28,srikakulam,19.12,84.7
26,2017-12-19 21:00:00+00:00,18.08,81.58444,14.88,18.591661,0,0,0,0,1016.8,1012.2796,0,0,0,0,7.6367526,17.654686,351.87,16.58742,15.119999,vishakapatnam,17.68,83.21
27,2021-05-16 16:00:00+00:00,28.58,83.10729,25.429998,34.83529,0,0,0,0,1007.6,1003.2758,0.9,1,0,0,5.2416787,11.874544,195.94547,194.03627,13.32,vishakapatnam,17.68,83.21
28,2019-11-07 18:00:00+00:00,23.029999,86.63542,20.679998,26.012571,0,0,0,0,1008.7,1004.2902,30.000002,0,0,100,8.427383,16.375053,289.9832,303.34073,15.84,vishakapatnam,17.68,83.21
29,2010-09-19 23:00:00+00:00,25.4935,91.70417,24.043499,29.94146,0,0,0,0,1005.4,1001.0408,61.5,26,14,99,11.525623,16.055355,231.34016,227.72636,19.8,vishakapatnam,17.68,83.21
30,2018-12-25 04:00:00+00:00,23.73,71.99215,18.38,26.31608,0,0,0,0,1016.8,1012.36523,6,0,0,20,3.4152596,3.7585104,18.435053,16.699326,15.119999,vishakapatnam,17.68,83.21
31,2016-02-12 02:00:00+00:00,23.793499,85.650536,21.2435,26.800873,0,0,0,0,1013,1008.58276,20.400002,4,1,54,10.296251,14.113652,233.53067,232.25313,17.28,vishakapatnam,17.68,83.21
32,2020-11-19 22:00:00+00:00,22.179998,93.49471,21.08,25.786457,0,0,0,0,1011.2,1006.7666,23.1,0,0,77,5.6002855,14.689588,224.9999,216.02747,10.799999,vishakapatnam,17.68,83.21
33,2018-01-26 13:00:00+00:00,22.98,79.187515,19.179998,25.205116,0,0,0,0,1010.2,1005.7831,28.5,3,1,84,8.473393,15.745627,192.26476,190.53912,23.039999,vishakapatnam,17.68,83.21
34,2015-01-15 07:00:00+00:00,26.2435,47.006306,14.0435,26.97984,0,0,0,0,1014.8,1010.411,26.400002,0,0,88,13.527572,15.459054,64.79892,62.24156,24.84,vishakapatnam,17.68,83.21
35,2011-10-27 05:00:00+00:00,29.6435,57.959667,20.4935,32.16319,0,0,0,0,1013.3,1008.9666,5.4,0,9,0,14.529915,17.84816,41.98714,41.729427,24.48,vishakapatnam,17.68,83.21
36,2016-01-22 00:00:00+00:00,21.4935,72.04518,16.2435,21.525642,0,0,0,0,1015.1,1010.63904,21.9,9,23,0,14.587776,21.313093,15.75124,15.679591,23.4,vishakapatnam,17.68,83.21
37,2012-04-20 07:00:00+00:00,34.4935,54.34046,23.9435,39.89445,0,0,0,0,1007.6,1003.3588,11.400001,0,0,38,18.430452,21.659918,192.40741,195.42223,31.68,vishakapatnam,17.68,83.21
38,2023-12-10 16:00:00+00:00,21.929998,91.20699,20.429998,25.312786,0,0,0,0,1014.8,1010.3471,24.3,15,18,0,4.802999,9.178235,12.99463,78.6901,9.36,vishakapatnam,17.68,83.21
39,2015-07-08 20:00:00+00:00,28.8935,71.805275,23.293499,33.025402,0,0,0,0,1001.8,997.5051,39.300003,0,16,99,10.514218,18.289274,231.95291,233.8067,14.759999,vishakapatnam,17.68,83.21
40,2016-04-22 04:00:00+00:00,32.4435,64.71511,24.9435,36.272804,0,0,0,0,1007.2,1002.9324,0.6,0,1,0,22.682856,29.460672,215.9606,218.55049,43.56,vishakapatnam,17.68,83.21
41,2012-06-21 17:00:00+00:00,26.0935,86.65722,23.6935,29.725891,0,0,0,0,1001,996.6686,78,0,80,100,15.629971,24.993437,218.45374,221.49637,31.68,vishakapatnam,17.68,83.21
42,2019-08-21 11:00:00+00:00,30.179998,78.28842,25.98,37.452797,0.1,0.1,0,0,1000.1,995.8309,48.9,8,21,97,0.8049845,1.1384199,333.43503,288.43503,17.64,vishakapatnam,17.68,83.21
43,2017-04-27 06:00:00+00:00,36.63,49.429756,24.33,40.88956,0,0,0,0,1008.3,1004.08527,3,0,5,0,19.878391,25.264202,215.41714,220.95541,42.839996,vishakapatnam,17.68,83.21
44,2019-06-12 07:00:00+00:00,37.63,53.657684,26.63,43.872005,0,0,0,0,999.6,995.4347,28.500002,0,6,83,22.89611,29.957972,196.44046,200.39496,48.239998,vishakapatnam,17.68,83.21
45,2014-02-22 05:00:00+00:00,26.0935,58.57559,17.3435,29.063057,0,0,0,0,1017.5,1013.09717,6.2999997,7,0,0,4.6800003,5.3517847,112.61991,109.653915,15.4800005,vishakapatnam,17.68,83.21
46,2017-10-08 18:00:00+00:00,26.48,90.13421,24.73,32.066322,0,0,0,0,1007.6,1003.2456,31.2,1,1,99,6.696387,15.530151,233.74606,225.9391,14.4,vishakapatnam,17.68,83.21
47,2022-02-02 18:00:00+00:00,21.08,89.74698,19.33,23.533806,0,0,0,0,1013.6,1009.13965,0,0,0,0,7.4128532,17.610588,240.94548,229.14471,14.04,vishakapatnam,17.68,83.21
48,2021-09-04 10:00:00+00:00,29.58,77.2783,25.179998,33.93675,0.1,0.1,0,0,1000.7,996.41956,30,21,11,15,17.106628,22.505037,171.52895,172.64772,36,vishakapatnam,17.68,83.21
49,2012-12-01 01:00:00+00:00,18.9435,92.46062,17.6935,20.269478,0,0,0,0,1012.1,1007.6137,35.7,8,0,95,9.9571085,15.629972,347.4712,352.0566,16.199999,vishakapatnam,17.68,83.21
50,2016-03-24 02:00:00+00:00,27.3435,88.07469,25.1935,33.478626,0,0,0,0,1013.2,1008.8341,72.9,81,0,0,5.00128,5.8048253,239.74365,240.2552,12.599999,vishakapatnam,17.68,83.21
51,2010-08-09 03:00:00+00:00,28.2515,71.69148,22.6515,33.187614,0,0,0,0,1004.5,991.05914,27.900002,8,24,21,2.4149535,3.0758414,333.43503,339.44388,10.440001,Vizianagaram,18.1159,83.406
52,2016-12-30 14:00:00+00:00,23.2015,67.70986,16.9015,24.50011,0,0,0,0,1015.3,1001.4851,0,0,0,0,7.771331,14.241629,166.60748,163.85559,19.44,Vizianagaram,18.1159,83.406
53,2011-03-10 03:00:00+00:00,25.6015,68.826,19.4515,28.884869,0,0,0,0,1013,999.32623,38.7,43,0,0,2.0991426,2.4149535,149.03632,153.43501,10.799999,Vizianagaram,18.1159,83.406
54,2015-03-21 03:00:00+00:00,27.5515,73.33176,22.3515,32.45213,0,0,0,0,1015.9,1002.2752,47.699997,53,0,0,1.484318,2.2768397,255.96373,251.56496,13.32,Vizianagaram,18.1159,83.406
55,2024-01-21 00:00:00+00:00,20.986,97.26808,20.536,24.842028,0,0,0,0,1014.1,1000.19836,100,100,0,100,1.9386592,3.8773184,291.80148,248.19853,5.3999996,Vizianagaram,18.1159,83.406
56,2016-03-23 20:00:00+00:00,25.8515,90.90458,24.2515,31.425568,0,0,0,0,1010.9,997.26587,11.7,13,0,0,4.6938257,9.449572,147.52882,162.25523,12.959999,Vizianagaram,18.1159,83.406
57,2018-04-17 20:00:00+00:00,26.835999,83.91064,23.886,32.306908,0,0,0,0,1008.7,995.1399,1.2,0,2,0,3.8268526,7.145796,228.81418,229.08571,6.8399997,Vizianagaram,18.1159,83.406
58,2011-01-24 22:00:00+00:00,15.5015,94.9874,14.7015,16.495201,0,0,0,0,1014.8,1000.6265,58.5,65,0,0,3.8773184,2.6208394,21.801476,15.945477,9,Vizianagaram,18.1159,83.406
59,2015-07-12 13:00:00+00:00,29.7015,78.686455,25.6015,36.617954,0,0,0,0,1002.2,988.8537,33.300003,1,5,98,1.484318,2.9024127,194.03627,209.7448,7.2,Vizianagaram,18.1159,83.406
60,2023-01-14 18:00:00+00:00,20.536,96.35994,19.935999,23.894358,0,0,0,0,1013.8,999.8815,0,0,0,0,3.2599385,8.311245,83.659904,107.650215,11.879999,Vizianagaram,18.1159,83.406
61,2015-02-24 00:00:00+00:00,17.9515,82.35999,14.9015,19.136492,0,0,0,0,1012.7,998.67426,0,0,0,0,3.0758414,1.484318,20.556128,345.9637,7.92,Vizianagaram,18.1159,83.406
62,2021-07-16 04:00:00+00:00,29.286,72.52625,23.835999,33.697224,0,0,0,0,1007.1,993.6703,47.7,47,9,0,10.853866,14.830076,174.2895,174.4279,27.72,Vizianagaram,18.1159,83.406
63,2016-08-01 18:00:00+00:00,25.7015,91.16803,24.1515,31.44891,0.3,0.3,0,0,1000.1,986.605,71.100006,13,49,100,3.0758414,7.628263,200.55612,250.70985,7.2,Vizianagaram,18.1159,83.406
64,2017-09-27 09:00:00+00:00,28.935999,73.787025,23.786,34.11945,1,1,0,0,1003.2,989.8067,91.8,36,49,100,5.3517847,6.489992,160.34608,160.55988,16.199999,Vizianagaram,18.1159,83.406
65,2011-05-28 12:00:00+00:00,35.8515,43.334393,21.4515,39.371937,0,0,0,0,999.4,986.3539,43.5,0,23,99,7.42159,10.028439,157.1663,158.96242,13.679999,Vizianagaram,18.1159,83.406
66,2015-07-03 02:00:00+00:00,25.8515,91.451065,24.3515,31.648254,0.1,0.1,0,0,1005.9,992.3333,85.200005,0,94,96,3.6,7.7043357,306.86996,307.40543,11.879999,Vizianagaram,18.1159,83.406
67,2024-01-16 15:00:00+00:00,23.085999,81.70137,19.786,25.165148,0,0,0,0,1013.1,999.3096,0.9,1,0,0,11.503113,20.780453,159.86362,165.96373,23.039999,Vizianagaram,18.1159,83.406
68,2022-03-12 07:00:00+00:00,36.786,20.162518,10.286,39.421806,0,0,0,0,1008.7,995.57196,0,0,0,0,0.5091169,0.35999998,135.0001,180,16.919998,Vizianagaram,18.1159,83.406
69,2018-03-03 19:00:00+00:00,25.036,45.026062,12.286,25.374132,0,0,0,0,1008.3,994.66406,1.2,0,2,0,2.5455842,4.3349743,315.0001,311.63345,5.3999996,Vizianagaram,18.1159,83.406
70,2023-08-18 09:00:00+00:00,27.935999,86.82632,25.536,34.492683,0.4,0.4,0,0,1000,986.60547,45.300003,1,24,100,3.671294,4.802999,258.6901,257.00537,12.959999,Vizianagaram,18.1159,83.406
71,2011-05-10 21:00:00+00:00,26.9515,80.21613,23.2515,32.33219,0,0,0,0,1001.9,988.4366,6.6000004,0,6,10,1.8,5.4477882,126.86999,187.59456,9,Vizianagaram,18.1159,83.406
72,2020-12-09 14:00:00+00:00,22.386,64.38095,15.336,22.935667,0,0,0,0,1013.9,1000.0664,0,0,0,0,8.557102,19.914217,165.37909,167.4712,20.519999,Vizianagaram,18.1159,83.406
73,2015-01-08 16:00:00+00:00,21.0015,79.15791,17.2515,23.161585,0,0,0,0,1015.5,1001.5798,20.7,9,21,0,2.9024127,6.12,187.12492,180,6.8399997,Vizianagaram,18.1159,83.406
74,2011-01-25 22:00:00+00:00,15.6515,87.04254,13.5015,16.141745,0,0,0,0,1015.2,1001.02826,60.3,67,0,0,4.3498964,5.1544156,24.443953,12.094739,10.08,Vizianagaram,18.1159,83.406
75,2013-08-20 18:00:00+00:00,26.2015,72.43018,20.8515,29.395454,0,0,0,0,999.5,986.0354,60.300003,0,58,85,7.5685663,16.923828,267.27374,268.78116,11.5199995,Vizianagaram,18.1159,83.406
76,2024-02-09 16:00:00+00:00,24.5845,83.6609,21.634499,28.005955,0,0,0,0,1018.8,1015.3002,58.499996,53,18,0,8.905908,17.373497,75.96373,84.05324,17.64,Anakapalle,17.68,83
77,2020-06-16 12:00:00+00:00,29.7845,79.400986,25.8345,34.79626,0,0,0,0,999.1,995.7265,31.500002,1,1,100,15.629971,26.415268,194.67644,197.44728,29.519999,Anakapalle,17.68,83
78,2014-09-07 16:00:00+00:00,26.1425,69.78874,20.1925,28.00909,0,0,0,0,1005,1001.5654,9.6,8,4,0,14.336861,26.787966,218.8845,221.18584,27,Anakapalle,17.68,83
79,2021-05-18 08:00:00+00:00,33.8845,57.551167,24.3345,38.533142,0,0,0,0,1006.4,1003.0472,33.9,5,7,84,20.393293,26.807312,200.6745,202.08722,43.199997,Anakapalle,17.68,83
80,2010-07-11 18:00:00+00:00,27.6925,85.521484,25.0425,32.40666,0,0,0,0,1005.4,1001.98175,39.600002,0,17,98,14.05845,25.41763,230.19447,232.4808,20.16,Anakapalle,17.68,83
81,2013-02-11 04:00:00+00:00,25.9925,61.194126,17.9425,27.78326,0,0,0,0,1015.7,1012.22736,28.2,0,0,94,7.491114,9.504272,54.782326,52.695976,21.24,Anakapalle,17.68,83
82,2016-03-03 21:00:00+00:00,22.6925,94.3805,21.7425,26.568022,0,0,0,0,1014.1,1010.5941,10.799999,8,1,10,6.2145634,10.636766,259.9921,246.0375,10.799999,Anakapalle,17.68,83
83,2010-02-08 01:00:00+00:00,16.6925,93.52489,15.6425,17.92873,0,0,0,0,1014,1010.422,0,0,0,0,4.6938257,5.00128,327.52884,329.74365,9.36,Anakapalle,17.68,83
84,2022-12-20 11:00:00+00:00,25.3345,64.60518,18.1845,26.738752,0,0,0,0,1009.6,1006.1406,0,0,0,0,10.8955765,16.263872,97.59455,95.07952,24.48,Anakapalle,17.68,83
85,2023-05-28 10:00:00+00:00,34.8845,56.761127,25.0345,40.28151,0,0,0,0,1004.7,1001.36383,14.700001,0,19,11,10.538843,13.039754,172.14677,173.6599,27,Anakapalle,17.68,83
86,2014-02-15 18:00:00+00:00,22.4425,84.198944,19.6425,25.325735,0,0,0,0,1010.9,1007.40247,15.000001,2,22,0,5.506941,11.681987,258.6901,236.3099,11.159999,Anakapalle,17.68,83
87,2023-03-04 13:00:00+00:00,28.0345,45.40367,15.1345005,28.66732,0,0,0,0,1015.7,1012.2508,0,0,0,0,7.42159,16.179985,202.8337,200.85454,24.48,Anakapalle,17.68,83
88,2016-10-12 01:00:00+00:00,23.842499,91.32729,22.342499,28.202278,0,0,0,0,1007,1003.5323,27.000002,0,0,90,5.1919937,4.39436,326.3099,325.0079,10.799999,Anakapalle,17.68,83
89,2021-01-26 10:00:00+00:00,29.0845,55.54,19.2845,30.487442,0,0,0,0,1010.3,1006.8808,24,0,0,80,14.408997,19.13426,167.00539,168.05585,38.519997,Anakapalle,17.68,83
90,2011-06-12 02:00:00+00:00,29.6425,70.227356,23.6425,34.530964,0,0,0,0,1001.5,998.1169,39.9,2,26,75,6.763786,9.504273,244.7989,245.37645,21.24,Anakapalle,17.68,83
91,2018-11-16 10:00:00+00:00,29.984499,60.587116,21.5345,32.93892,0,0,0,0,1010.5,1007.0906,48,1,40,77,11.681987,15.575981,123.690094,123.6901,28.44,Anakapalle,17.68,83
92,2014-03-15 21:00:00+00:00,23.2925,90.736855,21.6925,27.594479,0,0,0,0,1014.7,1011.19904,0.6,0,1,0,3.096837,4.39436,324.46225,304.9921,6.4799995,Anakapalle,17.68,83
93,2022-10-17 17:00:00+00:00,24.4345,90.537476,22.7845,29.068623,0,0,0,0,1012.3,1008.8206,31.200003,0,2,100,5.0528407,10.365251,355.91446,20.323217,9,Anakapalle,17.68,83
94,2012-10-24 18:00:00+00:00,23.842499,95.57753,23.092499,28.946808,0,0,0,0,1012.2,1008.71436,20.400002,7,14,19,3.0758414,4.32,339.44388,360,6.8399997,Anakapalle,17.68,83
95,2021-11-01 15:00:00+00:00,24.134499,94.72515,23.234499,28.668995,0.2,0.2,0,0,1013.7,1010.21234,46.200005,10,12,100,7.5599995,14.003029,360,17.969234,12.24,Anakapalle,17.68,83
96,2014-07-18 02:00:00+00:00,26.6925,88.813446,24.6925,31.393333,0,0,0,0,1001.5,998.0837,48.600002,0,31,100,12.599998,22.657131,216.86998,225.64366,24.84,Anakapalle,17.68,83
97,2021-06-15 19:00:00+00:00,27.9345,74.96904,23.0845,31.28624,0,0,0,0,1000.9,997.4999,71.4,0,69,100,15.021105,26.42753,225.97093,232.1934,30.239998,Anakapalle,17.68,83
98,2011-11-19 22:00:00+00:00,17.592499,91.2153,16.1425,19.10091,0,0,0,0,1012.3,1008.739,19.8,22,0,0,4.198285,3.8773184,329.03632,338.19852,9.72,Anakapalle,17.68,83
99,2023-03-08 07:00:00+00:00,35.2345,29.399693,14.7345,36.993565,0,0,0,0,1014.6,1011.23474,12,0,13,14,11.753876,14.113652,130.0302,127.74687,28.8,Anakapalle,17.68,83
100,2014-10-10 14:00:00+00:00,28.2425,76.38741,23.6925,33.079475,0,0,0,0,1004.1,1000.6924,45.9,3,22,100,7.342588,12.287555,11.3098955,31.827414,13.32,Anakapalle,17.68,83
101,2012-01-15 14:00:00+00:00,22.6085,44.952457,10.0585,21.296854,0,0,0,0,1012,1007.8023,0,0,0,0,9.19939,18.39878,149.42085,149.42085,12.599999,Guntur,16.3008,80.4428
102,2017-06-02 07:00:00+00:00,38.887,39.722088,22.737,44.64688,0,0,0,0,1003.2,999.2553,27.3,13,26,0,9.605998,12.074766,167.00539,169.6952,27.359999,Guntur,16.3008,80.4428
103,2013-09-26 16:00:00+00:00,27.508501,85.50319,24.8585,33.565983,0,0,0,0,1009.8,1005.6795,14.1,5,16,0,4.0249224,6.792466,206.56499,237.99466,7.2,Guntur,16.3008,80.4428
104,2010-04-16 14:00:00+00:00,30.5585,57.996864,21.3585,33.45996,0,0,0,0,1007.8,1003.7289,6.6000004,0,0,22,11.384199,20.150354,161.56496,161.24126,22.68,Guntur,16.3008,80.4428
105,2019-06-10 03:00:00+00:00,34.336998,52.37274,23.187,37.76019,0,0,0,0,1002.4,998.40015,29.4,0,3,92,14.869351,20.316889,276.95285,277.1249,34.2,Guntur,16.3008,80.4428
106,2013-02-25 00:00:00+00:00,20.008501,89.1065,18.1585,22.711725,0,0,0,0,1013.2,1008.96,0,0,0,0,1.9386592,5.692099,248.19853,214.69522,6.4799995,Guntur,16.3008,80.4428
107,2017-12-10 21:00:00+00:00,20.786999,97.86629,20.437,24.429375,0,0,0,0,1012.5,1008.27405,0,0,0,0,3.0547013,3.6,315.0001,270,6.8399997,Guntur,16.3008,80.4428
108,2021-05-03 02:00:00+00:00,29.137,78.37362,24.987,35.24786,0.1,0.1,0,0,1010,1005.90076,32.399998,34,3,0,4.2136917,5.154415,109.98319,114.775116,14.04,Guntur,16.3008,80.4428
109,2019-03-13 11:00:00+00:00,34.836998,26.744104,12.937,33.241364,0,0,0,0,1011.3,1007.2713,0,0,0,0,17.227419,23.023119,169.15974,170.09589,39.239998,Guntur,16.3008,80.4428
110,2017-05-14 18:00:00+00:00,29.937,82.528854,26.637,36.15303,0,0,0,0,1005.1,1001.0314,30.000002,3,37,17,11.212135,20.598795,185.52745,185.01303,19.44,Guntur,16.3008,80.4428
111,2021-04-30 23:00:00+00:00,26.536999,89.60131,24.687,32.28279,0,0,0,0,1007.4,1003.2759,15.299999,17,0,0,5.4119864,13.339445,183.814,183.094,10.799999,Guntur,16.3008,80.4428
112,2016-03-02 13:00:00+00:00,29.9585,55.40928,20.0585,31.940773,0,0,0,0,1012.9,1008.8002,33,0,8,94,13.0447235,21.261345,152.02061,151.69934,24.48,Guntur,16.3008,80.4428
113,2023-02-07 12:00:00+00:00,28.937,50.205853,17.536999,29.026325,0,0,0,0,1009.9,1005.79834,18,4,24,0,17.902534,24.884306,164.84589,165.76268,36.36,Guntur,16.3008,80.4428
114,2012-01-21 09:00:00+00:00,31.3085,29.490042,11.408501,32.1326,0,0,0,0,1010,1005.9298,0,0,0,0,5.495161,6.6087217,31.607454,29.357658,19.8,Guntur,16.3008,80.4428
115,2020-12-02 21:00:00+00:00,20.036999,84.19761,17.286999,21.633356,0,0,0,0,1011.1,1006.8691,12.6,0,0,42,6.8777895,19.513195,42.878906,60.124096,12.599999,Guntur,16.3008,80.4428
116,2017-09-15 20:00:00+00:00,26.187,94.240715,25.187,32.524128,0,0,0,0,1005.1,1000.98047,20.4,0,31,6,3.6,8.311245,306.86996,265.03033,7.2,Guntur,16.3008,80.4428
117,2023-10-20 16:00:00+00:00,27.687,73.35474,22.487,31.765194,0,0,0,0,1013.6,1009.46625,26.400002,0,44,0,7.653705,16.279802,138.81418,125.095894,18.72,Guntur,16.3008,80.4428
118,2016-09-14 08:00:00+00:00,28.9085,79.045906,24.9085,34.426823,0.2,0.2,0,0,1003,998.9261,100,53,64,99,7.928178,10.440001,267.3975,270,17.64,Guntur,16.3008,80.4428
119,2018-07-13 06:00:00+00:00,30.637,64.92372,23.286999,33.668236,0,0,0,0,1001.6,997.5549,67.200005,1,89,43,18.014393,24.863468,267.70944,267.5105,40.32,Guntur,16.3008,80.4428
120,2013-07-08 00:00:00+00:00,24.508501,95.311775,23.7085,29.417759,0.7,0.7,0,0,1002.7,998.56726,74.100006,17,50,96,6.9527545,14.973576,248.74942,260.31128,14.759999,Guntur,16.3008,80.4428
121,2020-08-23 06:00:00+00:00,31.237,71.150925,25.387,37.14022,0.3,0.3,0,0,1006.7,1002.64215,46.800003,14,7,100,11.525623,15.124284,231.34016,231.76613,30.239998,Guntur,16.3008,80.4428
122,2012-01-20 14:00:00+00:00,25.1085,61.18627,17.1085,26.310234,0,0,0,0,1011.4,1007.23987,0,0,0,0,9.028754,18.25026,156.50142,157.98866,17.64,Guntur,16.3008,80.4428
123,2023-03-14 09:00:00+00:00,37.887,16.542713,8.237,36.976753,0,0,0,0,1006.9,1002.92816,24,0,40,0,10.787993,13.217443,154.2901,150.64235,25.919998,Guntur,16.3008,80.4428
124,2012-06-21 09:00:00+00:00,30.508501,62.390488,22.508501,34.12784,0,0,0,0,1001.8,997.7522,90.90001,1,100,100,10.853866,18.486622,275.7105,276.70975,23.039999,Guntur,16.3008,80.4428
125,2022-10-07 21:00:00+00:00,23.937,98.50739,23.687,28.986744,0,0,0,0,1007.6,1003.43915,26.699999,13,16,18,5.904439,11.753877,37.568665,62.65021,10.440001,Guntur,16.3008,80.4428
126,2020-10-15 09:00:00+00:00,28.543499,81.14748,24.9935,34.14774,0,0,0,0,1002,1001.4329,95.1,71,7,90,9.565437,12.10157,109.798965,112.751015,25.199999,Kakinada,16.9661,82.255
127,2022-08-02 17:00:00+00:00,25.5935,95.06441,24.7435,31.756466,0,0,0,0,1003.2,1002.6265,21.300001,4,7,45,2.8116899,7.6367526,320.1945,8.130019,19.8,Kakinada,16.9661,82.255
128,2014-01-12 17:00:00+00:00,22.2,86.55718,19.85,24.955236,0,0,0,0,1017.7,1017.1116,19.8,16,9,0,7.0911775,11.177405,66.037506,75.068535,13.32,Kakinada,16.9661,82.255
129,2012-09-28 02:00:00+00:00,27.55,85.76279,24.95,33.705902,0,0,0,0,1009.2,1008.62695,47.100002,8,40,53,3.7585104,5.315336,16.699326,28.30066,9.72,Kakinada,16.9661,82.255
130,2019-08-13 18:00:00+00:00,26.8435,88.29642,24.7435,31.628735,0,0,0,0,1004.8,1004.2282,40.2,0,18,98,12.245293,22.768398,245.69547,251.56496,22.68,Kakinada,16.9661,82.255
131,2022-02-01 13:00:00+00:00,24.7435,67.59245,18.3435,25.589333,0,0,0,0,1009.4,1008.8215,0,0,0,0,15.226764,25.40743,186.78888,187.32631,34.92,Kakinada,16.9661,82.255
132,2012-10-12 05:00:00+00:00,27.75,87.067825,25.4,34.231415,0,0,0,0,1011.2,1010.62616,95.100006,91,22,0,3.563818,3.8268526,135.0001,131.18582,11.159999,Kakinada,16.9661,82.255
133,2022-06-02 05:00:00+00:00,36.6435,50.17852,24.5935,43.793858,0,0,0,0,1002.1,1001.54755,30.000002,0,0,100,4.379589,3.396233,99.46225,122.00535,16.199999,Kakinada,16.9661,82.255
134,2018-06-04 04:00:00+00:00,34.2935,58.68785,25.043499,40.506535,0,0,0,0,1003.1,1002.5429,24.900002,4,0,71,6.725354,8.759178,254.47583,260.53775,24.84,Kakinada,16.9661,82.255
135,2010-09-20 08:00:00+00:00,30.1,77.58441,25.75,35.818436,0,0,0,0,1005.9,1005.3335,85.2,50,18,98,13.207634,15.827721,162.55272,162.80138,23.039999,Kakinada,16.9661,82.255
136,2012-11-23 04:00:00+00:00,26.3,84.1051,23.4,30.01287,0,0,0,0,1014.7,1014.1213,77.1,16,57,95,13.854155,17.25373,65.432846,66.64442,23.4,Kakinada,16.9661,82.255
137,2014-10-28 07:00:00+00:00,27.35,75.33086,22.6,30.799599,0.1,0.1,0,0,1011.5,1010.9253,100,82,39,95,12.413477,14.8257065,60.461315,60.94549,24.48,Kakinada,16.9661,82.255
138,2010-04-23 10:00:00+00:00,34.9,53.95201,24.2,38.468006,0,0,0,0,1006.4,1005.8421,27.3,20,15,1,21.24,28.19285,180,185.1281,30.960001,Kakinada,16.9661,82.255
139,2022-09-02 11:00:00+00:00,29.793499,76.62302,25.2435,34.93196,0,0,0,0,1005.2,1004.6333,4.5,5,0,0,12.031756,15.580141,128.92755,130.31403,27.72,Kakinada,16.9661,82.255
140,2017-04-13 08:00:00+00:00,34.5435,49.9463,22.5935,38.87054,0,0,0,0,1008.1,1007.5405,5.4,0,9,0,19.35314,24.569836,136.50739,140.94687,44.28,Kakinada,16.9661,82.255
141,2020-02-03 15:00:00+00:00,24.043499,86.99542,21.7435,26.82865,0.4,0.4,0,0,1015.7,1015.11664,80.4,30,42,94,13.684735,20.519999,88.4926,90,28.8,Kakinada,16.9661,82.255
142,2010-09-05 17:00:00+00:00,27.3,80.02055,23.55,30.091969,0,0,0,0,1004.7,1004.1289,41.100002,0,32,73,20.780453,31.70658,255.96373,257.54175,31.68,Kakinada,16.9661,82.255
143,2015-08-22 07:00:00+00:00,30.05,72.65788,24.6,33.948303,0,0,0,0,1004.9,1004.3341,77.700005,1,78,100,17.654688,23.411074,267.66275,268.23764,32.760002,Kakinada,16.9661,82.255
144,2011-07-01 17:00:00+00:00,29.65,78.679276,25.55,34.603462,0,0,0,0,1004.3,1003.7335,54.9,11,25,100,14.707222,22.930048,201.54105,202.13554,18.359999,Kakinada,16.9661,82.255
145,2016-05-08 11:00:00+00:00,34.35,51.74631,23,36.978485,0,0,0,0,1006.3,1005.74115,20.1,0,10,47,19.559633,25.223133,173.6599,177.54602,30.239998,Kakinada,16.9661,82.255
146,2014-04-10 17:00:00+00:00,28.2,85.82613,25.6,34.74781,0,0,0,0,1010.9,1010.32733,8.400001,0,14,0,4.0249224,8.427383,190.3048,199.9832,11.5199995,Kakinada,16.9661,82.255
147,2021-09-23 20:00:00+00:00,25.3935,97.93819,25.043499,31.69273,0,0,0,0,1005.5,1004.925,28.8,14,1,52,3.219938,6.193674,333.43503,305.53775,6.4799995,Kakinada,16.9661,82.255
148,2015-09-09 15:00:00+00:00,28,85.04454,25.25,33.70357,0,0,0,0,1009,1008.42804,42.6,1,26,87,8.209263,13.084402,285.25516,277.90707,17.28,Kakinada,16.9661,82.255
149,2014-09-09 23:00:00+00:00,26.6,78.724525,22.6,30.264267,0,0,0,0,1004.8,1004.22754,46.5,2,65,19,10.948973,19.469976,260.53775,266.82022,17.28,Kakinada,16.9661,82.255
150,2016-03-07 01:00:00+00:00,22.25,98.48849,22,26.843328,0,0,0,0,1013,1012.4143,89.1,99,0,0,2.2768397,1.9386592,341.56494,68.19853,6.8399997,Kakinada,16.9661,82.255
151,2010-06-05 02:00:00+00:00,29.127998,80.97994,25.528,34.233414,0,0,0,0,1006.8,1004.75446,69.600006,0,66,100,13.570615,25.277023,248.19853,252.5972,23.039999,Rajahmundry,16.98,81.78
152,2011-12-12 22:00:00+00:00,21.578,90.062294,19.877998,24.299574,0,0,0,0,1012.9,1010.7892,1.5,1,1,0,7.42159,16.595179,39.09386,49.398785,13.679999,Rajahmundry,16.98,81.78
153,2018-06-21 13:00:00+00:00,31.815,69.99827,25.665,38.446003,0,0,0,0,1000.8,998.7845,40.5,1,16,100,3.7064266,8.78872,119.05451,124.992096,11.879999,Rajahmundry,16.98,81.78
154,2014-09-15 09:00:00+00:00,31.178,69.46543,24.928,36.33475,0,0,0,0,1001.6,999.5784,51.9,13,17,100,10.464797,13.849477,296.56497,297.8972,29.519999,Rajahmundry,16.98,81.78
155,2018-01-29 22:00:00+00:00,20.215,94.27716,19.265001,22.987856,0,0,0,0,1013.6,1011.47815,12.6,0,0,42,5.0142193,10.296251,21.037588,36.469334,9.72,Rajahmundry,16.98,81.78
156,2015-07-01 19:00:00+00:00,28.227999,84.81546,25.428,34.211548,0,0,0,0,1007,1004.9477,25.2,3,16,43,7.10031,16.179987,210.46547,212.27562,11.5199995,Rajahmundry,16.98,81.78
157,2019-07-27 22:00:00+00:00,25.015001,91.39985,23.515001,27.584997,1.3,1.3,0,0,1000.8,998.73846,67.200005,0,62,100,22.180206,36.080906,256.86597,257.90524,48.96,Rajahmundry,16.98,81.78
158,2010-07-13 13:00:00+00:00,30.178,70.11502,24.127998,35.341896,0,0,0,0,1002.1,1000.07086,43.5,0,24,97,6.9247384,17.076298,242.10283,251.56496,14.4,Rajahmundry,16.98,81.78
159,2010-03-14 18:00:00+00:00,27.428,82.97535,24.278,32.618477,0,0,0,0,1010.6,1008.535,35.4,0,9,100,7.42159,16.171976,194.03627,196.82149,13.32,Rajahmundry,16.98,81.78
160,2022-05-24 16:00:00+00:00,31.165,71.13807,25.315,35.785114,0,0,0,0,1004.6,1002.5724,15.300001,0,14,23,15.893093,26.220753,166.9081,171.31372,27,Rajahmundry,16.98,81.78
161,2016-01-01 17:00:00+00:00,22.727999,85.54351,20.178,25.833595,0,0,0,0,1019.6,1017.4834,23.7,5,32,0,5.815978,14.689589,68.19853,72.89719,13.32,Rajahmundry,16.98,81.78
162,2017-06-07 06:00:00+00:00,34.164997,57.61668,24.615,39.359146,0.1,0.1,0,0,1004.6,1002.59216,30.6,4,3,84,18.359999,23.532547,298.0724,299.3099,38.519997,Rajahmundry,16.98,81.78
163,2015-10-29 06:00:00+00:00,28.877998,69.87415,22.828,32.93906,0.4,0.4,0,0,1013.3,1011.2393,69.9,43,9,86,15.629972,20.674158,97.94338,97.001175,32.039997,Rajahmundry,16.98,81.78
164,2016-06-14 11:00:00+00:00,34.728,56.386612,24.778,40.38902,0,0,0,0,999.6,997.60596,36,0,11,98,6.28713,12.605142,256.75946,268.36346,22.319998,Rajahmundry,16.98,81.78
165,2010-03-22 18:00:00+00:00,25.528,93.09168,24.328,30.938251,0,0,0,0,1006.4,1004.33044,0,0,0,0,6.151683,10.829958,200.55612,201.4478,10.08,Rajahmundry,16.98,81.78
166,2018-12-15 05:00:00+00:00,28.915,41.451412,14.514999,27.607063,0,0,0,0,1016.4,1014.33344,43.800003,0,43,60,19.803272,26.405453,62.969223,64.133705,38.519997,Rajahmundry,16.98,81.78
167,2020-08-05 13:00:00+00:00,27.515001,81.996315,24.165,31.342445,0,0,0,0,995.5,993.46655,100,51,60,97,16.279802,27.059933,234.90411,236.94417,30.599998,Rajahmundry,16.98,81.78
168,2010-11-01 17:00:00+00:00,23.528,95.27799,22.727999,27.433289,0,0,0,0,1009.5,1007.41016,100,65,99,99,9.83268,19.995398,66.2505,66.66594,17.28,Rajahmundry,16.98,81.78
169,2011-11-29 07:00:00+00:00,30.627998,51.437035,19.477999,34.140846,0,0,0,0,1010.1,1008.0578,63.3,44,2,75,4.8433046,6.1094027,48.01287,44.999897,18,Rajahmundry,16.98,81.78
170,2018-12-02 04:00:00+00:00,26.565,60.370342,18.265001,27.385448,0,0,0,0,1014.6,1012.52075,21,0,20,30,15.141414,19.694992,71.99575,71.89614,30.239998,Rajahmundry,16.98,81.78
171,2017-04-03 11:00:00+00:00,33.765,43.986862,19.815,35.240326,0,0,0,0,1007.7,1005.68353,12.000001,0,14,12,15.646544,20.326454,203.02553,202.93213,35.28,Rajahmundry,16.98,81.78
172,2010-11-07 04:00:00+00:00,25.377998,85.28896,22.727999,27.215815,0.3,0.3,0,0,1008.3,1006.2255,49.200005,14,11,100,23.993399,38.639256,62.281586,63.435013,35.64,Rajahmundry,16.98,81.78
173,2014-10-27 06:00:00+00:00,27.877998,76.56229,23.377998,32.69694,0.3,0.3,0,0,1014.3,1012.23065,92.1,64,25,65,6.162207,7.5685663,353.29025,357.27374,18,Rajahmundry,16.98,81.78
174,2020-09-10 10:00:00+00:00,29.315,79.33735,25.365,34.378822,2.3,2.3,0,0,1001,998.9674,50.4,40,13,22,13.1041975,16.862455,195.94547,196.1135,27.359999,Rajahmundry,16.98,81.78
175,2015-01-21 23:00:00+00:00,17.778,87.23974,15.628,18.347898,0,0,0,0,1018.3,1016.15045,0,0,0,0,9.220499,20.00512,51.34017,59.743652,14.04,Rajahmundry,16.98,81.78
176,2014-10-26 01:00:00+00:00,22.9755,96.132515,22.3255,27.87378,0,0,0,0,1013.4,978.2526,100,71,22,99,1.4399999,1.609969,360,296.56497,5.3999996,Chittoor,13.216,79.098
177,2023-01-18 08:00:00+00:00,27.447,47.329906,15.247,29.046299,0,0,0,0,1015.4,980.69653,46.2,18,0,100,11.542478,14.440443,86.423744,85.71093,28.08,Chittoor,13.216,79.098
178,2015-11-29 23:00:00+00:00,22.125502,99.3924,22.025501,26.335926,0.2,0.2,0,0,1014.6,979.3118,100,100,65,96,5.00128,8.587338,30.256361,33.023872,17.64,Chittoor,13.216,79.098
179,2014-02-01 21:00:00+00:00,20.525501,90.55031,18.9255,23.120817,0,0,0,0,1014.5,979.0272,31.499998,33,3,0,5.1165614,12.181624,50.710617,55.840256,14.4,Chittoor,13.216,79.098
180,2015-12-04 18:00:00+00:00,21.9255,90.08707,20.2255,24.99786,0,0,0,0,1013.9,978.6128,79.5,39,52,44,6.2145634,15.459054,10.007925,27.758451,14.4,Chittoor,13.216,79.098
181,2021-06-13 05:00:00+00:00,32.797,44.691944,19.197,33.078804,0,0,0,0,1005.7,971.9169,36,0,10,100,23.762726,32.04202,269.13196,269.35626,48.239998,Chittoor,13.216,79.098
182,2019-09-08 06:00:00+00:00,32.997,44.329716,19.247,32.94932,0,0,0,0,1007.5,973.6779,94.2,54,29,94,24.858253,33.68069,280.0079,280.46912,53.28,Chittoor,13.216,79.098
183,2010-01-05 17:00:00+00:00,19.4255,91.0457,17.9255,21.325874,0,0,0,0,1012.8,977.25635,0,0,0,0,6.725354,10.538843,74.47583,82.14678,10.440001,Chittoor,13.216,79.098
184,2012-10-06 01:00:00+00:00,23.0755,96.135345,22.4255,27.556225,0,0,0,0,1011.8,976.7198,29.7,2,0,93,4.6938252,9.511088,274.39862,240.5242,7.2,Chittoor,13.216,79.098
185,2012-08-17 21:00:00+00:00,26.375502,65.23103,19.3255,27.592323,0,0,0,0,1005.4,970.9177,35.4,0,10,98,15.844089,26.807312,291.318,292.08722,31.68,Chittoor,13.216,79.098
186,2019-11-02 06:00:00+00:00,28.647,65.90415,21.647,33.356148,0.1,0.1,0,0,1012.3,977.8372,31.2,18,25,0,5.8603754,7.42159,100.619606,104.03627,18.72,Chittoor,13.216,79.098
187,2010-10-06 07:00:00+00:00,30.375502,62.9325,22.525501,33.677948,0,0,0,0,1004,970.0104,52.200005,4,31,100,15.629971,21.533897,308.45374,308.21106,39.239998,Chittoor,13.216,79.098
188,2013-05-08 16:00:00+00:00,30.625502,63.17771,22.8255,33.9852,0,0,0,0,1007.2,973.1296,6.3,1,8,2,13.891522,23.042812,148.78166,151.03244,29.16,Chittoor,13.216,79.098
189,2013-07-06 07:00:00+00:00,33.1755,42.21758,18.625502,34.181015,0,0,0,0,1005.1,971.37775,61.800003,14,32,100,16.279802,21.767351,305.0959,304.21576,42.48,Chittoor,13.216,79.098
190,2018-02-24 17:00:00+00:00,21.897,82.06375,18.697,24.133673,0,0,0,0,1015.6,980.25006,0.9,1,0,0,6.830519,14.759999,108.43504,102.680374,19.08,Chittoor,13.216,79.098
191,2020-08-22 11:00:00+00:00,33.147003,45.485874,19.796999,36.049633,0,0,0,0,1005.2,971.4714,97.8,25,81,89,5.8048253,6.924738,187.12492,188.97255,15.84,Chittoor,13.216,79.098
192,2010-10-28 14:00:00+00:00,23.3255,94.982025,22.4755,28.043694,0,0,0,0,1011.2,976.1695,39,10,0,100,3.2599385,7.5685663,83.659904,64.65388,6.12,Chittoor,13.216,79.098
193,2023-08-01 17:00:00+00:00,28.197,55.322323,18.397,29.857967,0,0,0,0,1008.2,973.82635,30.000002,0,0,100,9.779817,21.38897,263.6599,263.23392,18,Chittoor,13.216,79.098
194,2013-04-12 10:00:00+00:00,36.525497,26.668716,14.3255,37.065784,0,0,0,0,1006.3,972.8954,21.300001,0,0,71,12.979984,16.394829,109.440125,109.23077,32.039997,Chittoor,13.216,79.098
195,2018-10-02 14:00:00+00:00,26.747,82.647255,23.546999,31.120213,0,0,0,0,1010.2,975.59515,25.2,8,7,46,9.931042,19.107151,133.53127,132.70937,17.28,Chittoor,13.216,79.098
196,2018-12-14 05:00:00+00:00,26.097,63.564552,18.647,27.438057,0,0,0,0,1015.4,980.5431,37.5,13,0,86,12.783802,16.981165,32.347424,32.005356,29.16,Chittoor,13.216,79.098
197,2013-11-21 23:00:00+00:00,20.0755,91.373405,18.625502,22.728199,0,0,0,0,1008.6,973.2804,22.5,3,33,0,3.7585104,8.473393,286.6993,257.73523,6.4799995,Chittoor,13.216,79.098
198,2016-05-23 15:00:00+00:00,30.5755,63.16695,22.775501,34.98552,0,0,0,0,1005.5,971.4816,25.800001,0,0,86,6.489992,11.090103,236.3099,234.24602,11.879999,Chittoor,13.216,79.098
199,2012-12-18 19:00:00+00:00,17.5755,92.67873,16.375502,18.949804,0,0,0,0,1014.8,978.9644,37.8,9,0,99,5.771239,13.392774,3.5762644,36.253937,10.799999,Chittoor,13.216,79.098
200,2010-03-21 04:00:00+00:00,32.1255,30.105642,12.4255,32.397842,0,0,0,0,1012.4,978.3185,14.1,0,0,47,6.162207,7.5942073,173.29025,174.55975,16.919998,Chittoor,13.216,79.098
201,2019-06-23 09:00:00+00:00,33.9935,52.604668,22.9435,38.544792,0,0,0,0,1000.1,999.4328,30.900002,11,13,44,6.151683,7.5170207,290.55612,286.6993,24.119999,Machilipatnam,16.17,81.13
202,2010-03-06 05:00:00+00:00,31.043499,61.01032,22.6435,35.178314,0,0,0,0,1012.2,1011.5181,7.2,8,0,0,13.979871,17.811815,191.88864,194.03627,33.12,Machilipatnam,16.17,81.13
203,2013-04-28 10:00:00+00:00,35.3935,50.924355,23.6935,41.293575,0,0,0,0,1003.8,1003.13354,2.7,0,2,5,3.7064266,3.7064266,119.05451,119.05451,18,Machilipatnam,16.17,81.13
204,2013-05-14 23:00:00+00:00,29.4435,80.06463,25.6435,35.523018,0,0,0,0,1001.8,1001.12164,33.300003,1,4,100,7.42159,14.05845,165.96373,166.67546,12.24,Machilipatnam,16.17,81.13
205,2023-05-09 16:00:00+00:00,29.2435,86.94446,26.8435,36.611893,0,0,0,0,1006.6,1005.91815,30.000002,0,0,100,4.3349743,11.525623,175.23645,181.78987,8.28,Machilipatnam,16.17,81.13
206,2014-05-04 06:00:00+00:00,33.7435,54.65024,23.3435,39.95832,0,0,0,0,1007.2,1006.52747,9.9,9,2,2,9.220499,11.090103,141.34016,144.24602,27,Machilipatnam,16.17,81.13
207,2010-11-21 12:00:00+00:00,27.3435,74.194115,22.3435,31.93927,0,0,0,0,1006.4,1005.71387,1.2,0,1,2,3.5455887,4.802999,156.0375,167.00539,12.959999,Machilipatnam,16.17,81.13
208,2014-09-11 23:00:00+00:00,26.3435,76.79428,21.9435,29.604012,0.3,0.3,0,0,1007.2,1006.51105,58.800003,9,42,85,11.165805,21.862406,249.22766,252.75845,24.119999,Machilipatnam,16.17,81.13
209,2019-01-28 12:00:00+00:00,23.1435,77.7439,19.043499,25.314339,1.2,1.2,0,0,1015.1,1014.398,63.9,5,98,2,8.39657,14.20062,30.963696,30.465475,23.4,Machilipatnam,16.17,81.13
210,2020-08-26 09:00:00+00:00,29.5935,76.59281,25.043499,35.408573,0.5,0.5,0,0,1005.2,1004.5197,58.800003,2,45,100,6.489992,9,266.82022,270,30.599998,Machilipatnam,16.17,81.13
211,2016-11-08 04:00:00+00:00,27.6935,67.551216,21.1435,31.469757,0,0,0,0,1014.4,1013.70905,2.7,0,0,9,5.0142193,5.95906,21.037588,25.016869,14.04,Machilipatnam,16.17,81.13
212,2021-12-04 20:00:00+00:00,22.543499,78.63309,18.6435,24.163536,0,0,0,0,1010.5,1009.7996,14.700001,0,0,49,10.883676,23.990698,325.78424,334.204,16.919998,Machilipatnam,16.17,81.13
213,2018-02-05 06:00:00+00:00,27.043499,55.737305,17.4435,28.235386,0,0,0,0,1016.9,1016.206,54.9,39,0,66,13.627795,16.595179,102.200455,102.5288,30.599998,Machilipatnam,16.17,81.13
214,2020-05-14 00:00:00+00:00,27.2435,89.65286,25.3935,33.869957,0,0,0,0,1006.8,1006.1132,43.2,21,0,81,2.5455842,5.1165614,44.999897,129.28938,5.04,Machilipatnam,16.17,81.13
215,2010-10-17 15:00:00+00:00,27.543499,77.208435,23.1935,31.930058,0,0,0,0,1005.9,1005.2145,42.300003,5,63,0,8.373386,19.05281,154.5367,157.79648,11.5199995,Machilipatnam,16.17,81.13
216,2023-04-13 04:00:00+00:00,34.8935,46.941753,21.8935,39.01438,0,0,0,0,1011.5,1010.82715,0,0,0,0,8.217153,10.383987,208.8107,213.6901,20.16,Machilipatnam,16.17,81.13
217,2022-01-21 08:00:00+00:00,30.5935,52.884865,19.8935,33.200687,0.4,0.4,0,0,1009.7,1009.01886,55.5,29,49,0,13.746156,17.566378,224.9999,225.83023,28.8,Machilipatnam,16.17,81.13
218,2015-09-07 10:00:00+00:00,30.1935,70.328545,24.1935,36.19181,0,0,0,0,1006.9,1006.2198,47.4,8,18,98,1.484318,2.1897945,255.96373,260.53775,25.919998,Machilipatnam,16.17,81.13
219,2018-08-04 07:00:00+00:00,35.3435,46.916477,22.293499,38.757732,0,0,0,0,1004.2,1003.53296,55.199997,36,22,32,19.453327,25.133053,308.991,308.01898,44.28,Machilipatnam,16.17,81.13
220,2016-06-20 18:00:00+00:00,27.9935,85.806046,25.3935,33.485565,0,0,0,0,1004.1,1003.417,32.4,1,24,57,10.315115,19.483284,150.75127,152.48808,14.759999,Machilipatnam,16.17,81.13
221,2016-09-08 16:00:00+00:00,28.1935,73.44041,22.9935,32.497192,0,0,0,0,1007.3,1006.6152,9,2,12,0,8.12197,19.721298,282.80426,291.41302,14.4,Machilipatnam,16.17,81.13
222,2022-11-26 04:00:00+00:00,27.1935,80.73318,23.5935,32.31321,0,0,0,0,1013.6,1012.90857,54,24,12,84,5.00128,6.297428,59.743652,59.03632,17.64,Machilipatnam,16.17,81.13
223,2022-07-09 15:00:00+00:00,25.5935,87.92803,23.4435,28.281551,0.2,0.2,0,0,999.9,999.2143,42.300003,1,19,100,21.068459,35.97479,250.0168,251.92758,34.56,Machilipatnam,16.17,81.13
224,2021-05-15 03:00:00+00:00,31.7435,67.73266,25.043499,35.343338,0,0,0,0,1006,1005.32385,19.800001,20,1,4,21.650938,28.528723,137.02136,137.04541,41.399998,Machilipatnam,16.17,81.13
225,2018-04-29 00:00:00+00:00,28.2435,83.81422,25.2435,33.08127,0,0,0,0,1007.5,1006.81506,53.7,54,7,3,14.113653,24.29133,185.85593,186.80896,19.8,Machilipatnam,16.17,81.13
226,2018-01-29 11:00:00+00:00,27.0065,59.160885,18.3565,28.133259,0,0,0,0,1011.9,1010.0593,11.1,0,0,37,13.324863,17.429354,128.41809,128.2902,32.399998,Ongole,15.506,80.049
227,2012-05-19 18:00:00+00:00,30.126,82.06663,26.726,36.307014,0,0,0,0,1004,1002.1925,27.900002,2,7,73,11.885453,20.991426,144.86572,149.03632,20.16,Ongole,15.506,80.049
228,2021-09-02 14:00:00+00:00,27.8565,90.496574,26.1565,34.973633,0,0,0,0,1004.7,1002.87744,10.5,3,11,4,2.7416782,3.8773184,113.19862,158.19853,6.12,Ongole,15.506,80.049
229,2014-07-22 11:00:00+00:00,31.675999,52.34474,20.726,32.119785,0,0,0,0,1000.6,998.8077,100,37,85,100,25.922499,37.226505,279.59305,279.46225,54,Ongole,15.506,80.049
230,2019-04-02 07:00:00+00:00,35.0065,53.494682,24.1565,41.295307,0,0,0,0,1009.6,1007.8111,1.2,0,2,0,14.255272,17.84816,135.0001,138.27058,34.92,Ongole,15.506,80.049
231,2016-10-15 16:00:00+00:00,27.476,73.09612,22.226,31.502575,0,0,0,0,1011,1009.1637,1.2,0,0,4,6.9899354,15.546833,78.11137,84.68555,14.4,Ongole,15.506,80.049
232,2013-03-06 15:00:00+00:00,26.726,81.90042,23.376,30.76994,0,0,0,0,1014.7,1012.85266,20.400002,0,34,0,11.480557,18.864824,131.18582,131.90585,20.880001,Ongole,15.506,80.049
233,2023-05-08 10:00:00+00:00,33.8565,57.7173,24.3565,38.37409,0,0,0,0,1002.9,1001.11646,12.9,7,3,16,13.783817,18.11841,130.76352,130.97165,29.16,Ongole,15.506,80.049
234,2019-02-01 18:00:00+00:00,21.5565,85.42445,19.0065,23.925764,0,0,0,0,1015.3,1013.4191,1.2,0,2,0,6.924738,18.511143,98.97255,103.49575,11.879999,Ongole,15.506,80.049
235,2018-03-01 05:00:00+00:00,31.0065,45.482452,17.8565,33.88315,0,0,0,0,1013.3,1011.48083,0,0,0,0,6.9153743,8.161764,128.65984,131.42357,21.96,Ongole,15.506,80.049
236,2022-02-21 16:00:00+00:00,25.1065,94.762375,24.206501,30.409054,0,0,0,0,1010.3,1008.45044,7.2,8,0,0,6.3690495,16.800856,132.70937,135.0001,16.56,Ongole,15.506,80.049
237,2017-04-14 15:00:00+00:00,26.5565,85.15168,23.8565,31.271057,0,0,0,0,1007.5,1005.6644,22.5,0,12,51,8.891343,18.472595,148.24057,146.92932,20.519999,Ongole,15.506,80.049
238,2018-12-29 09:00:00+00:00,26.8565,49.661583,15.4565,27.702303,0,0,0,0,1013.7,1011.8551,21.599998,24,0,0,11.183201,14.404499,93.691315,91.43207,28.08,Ongole,15.506,80.049
239,2011-08-09 21:00:00+00:00,28.825998,67.774635,22.276,31.932457,0,0,0,0,1003.4,1001.58575,50.700005,11,18,100,13.479583,24.850431,214.11452,218.53021,24.48,Ongole,15.506,80.049
240,2013-05-28 16:00:00+00:00,33.226,50.066517,21.425999,35.16652,0,0,0,0,1003.5,1001.7117,54.9,0,42,99,18.193361,30.631746,242.928,246.44772,26.28,Ongole,15.506,80.049
241,2017-10-02 22:00:00+00:00,24.6565,95.89156,23.956501,29.733494,2.9,2.9,0,0,1005.7,1003.85614,63.600002,35,12,83,6.849467,12.522619,266.98727,251.56496,11.5199995,Ongole,15.506,80.049
242,2012-03-22 02:00:00+00:00,25.376,91.422,23.876,30.141014,0,0,0,0,1010.3,1008.452,86.399994,96,0,0,8.64,11.879999,180,180,19.8,Ongole,15.506,80.049
243,2017-11-01 23:00:00+00:00,23.3565,87.1999,21.1065,26.470652,0,0,0,0,1010.2,1008.3396,19.2,5,10,29,9.0645685,18.0036,353.15732,11.5345955,15.119999,Ongole,15.506,80.049
244,2013-07-21 07:00:00+00:00,27.476,79.32405,23.575998,31.371471,1.4,1.4,0,0,1002.7,1000.8788,89.40001,3,100,89,13.32,21.602999,270,269.04517,42.48,Ongole,15.506,80.049
245,2011-05-31 03:00:00+00:00,33.576,54.609463,23.175999,36.088783,0,0,0,0,1003.4,1001.61365,1.2,0,1,2,21.077686,28.766228,277.8532,278.63705,41.039997,Ongole,15.506,80.049
246,2017-03-19 03:00:00+00:00,29.3065,66.84682,22.5065,32.986126,0,0,0,0,1012,1010.1731,9.900001,0,0,33,10.446206,13.679999,178.02512,180,24.84,Ongole,15.506,80.049
247,2021-11-19 15:00:00+00:00,24.9065,92.5019,23.6065,29.243454,0.3,0.3,0,0,1006,1004.15717,75.3,37,20,100,10.446206,21.03152,88.025116,96.88163,21.24,Ongole,15.506,80.049
248,2023-11-19 12:00:00+00:00,27.6065,74.01252,22.5565,31.262432,0,0,0,0,1011.9,1010.06305,1.8000001,0,3,0,10.823973,19.09358,93.814,92.16103,28.08,Ongole,15.506,80.049
249,2020-09-20 05:00:00+00:00,28.0565,82.55333,24.8065,33.23808,0.3,0.3,0,0,1002,1000.18353,91.50001,3,98,100,9.793058,14.05845,252.89719,256.67545,21.24,Ongole,15.506,80.049
250,2016-08-18 17:00:00+00:00,31.776,49.693207,19.976,34.354332,0,0,0,0,1004.1,1002.302,29.100002,0,2,93,8.654986,19.386591,286.92758,285.06854,24.84,Ongole,15.506,80.049
251,2023-10-30 03:00:00+00:00,28.380499,71.064865,22.630499,31.824955,0,0,0,0,1014.3,1013.2665,14.7,9,0,22,12.55879,16.267857,62.70051,65.13633,24.48,Bhimavaram,16.543,81.523
252,2020-04-08 21:00:00+00:00,27.130499,90.98676,25.530499,33.340256,0,0,0,0,1009.2,1008.1673,9.299999,9,2,0,6.0347,14.113653,162.64589,174.14407,11.5199995,Bhimavaram,16.543,81.523
253,2015-01-20 23:00:00+00:00,18.261,87.56268,16.161001,19.380363,0,0,0,0,1017.1,1016.0276,0,0,0,0,6.9153743,16.92383,51.34017,66.161255,11.879999,Bhimavaram,16.543,81.523
254,2019-04-30 18:00:00+00:00,28.4305,78.03907,24.2305,32.9884,0,0,0,0,1005.9,1004.8751,32.4,3,0,99,11.542478,18.806337,86.423744,84.507774,20.880001,Bhimavaram,16.543,81.523
255,2012-01-28 17:00:00+00:00,21.611,87.0413,19.361,24.25719,0,0,0,0,1012.9,1011.8441,0.6,0,1,0,6.193674,14.291592,125.537766,130.91429,10.799999,Bhimavaram,16.543,81.523
256,2016-10-01 07:00:00+00:00,29.511,80.549675,25.811,35.618687,0.2,0.2,0,0,1005.4,1004.37933,39.9,10,5,93,12.181624,15.484185,214.15974,215.53777,27.359999,Bhimavaram,16.543,81.523
257,2011-03-14 03:00:00+00:00,27.161001,77.62024,22.911001,31.944393,0,0,0,0,1012.2,1011.1642,52.2,52,0,18,4.510787,5.315336,118.61037,118.30067,14.04,Bhimavaram,16.543,81.523
258,2013-07-25 10:00:00+00:00,27.111,79.99542,23.361,29.880981,0.2,0.2,0,0,1000.4,999.3763,72.600006,0,71,100,20.150354,31.569351,221.37842,224.07605,35.64,Bhimavaram,16.543,81.523
259,2021-05-17 19:00:00+00:00,28.4805,87.13295,26.130499,34.360893,0,0,0,0,1007,1005.9742,28.2,4,0,82,11.090103,20.87379,125.753975,135.0001,18.72,Bhimavaram,16.543,81.523
260,2013-07-22 15:00:00+00:00,25.311,90.052216,23.561,28.315899,1.8,1.8,0,0,999.5,998.4709,96,8,98,100,19.386591,32.919827,254.93146,256.7236,48.239998,Bhimavaram,16.543,81.523
261,2019-08-10 05:00:00+00:00,31.630499,63.01281,23.7305,34.90671,0.1,0.1,0,0,1003.9,1002.88776,24.9,17,16,0,21.288757,28.19285,266.12155,264.8719,38.88,Bhimavaram,16.543,81.523
262,2015-06-08 06:00:00+00:00,29.861,80.356766,26.111,36.377213,0.2,0.2,0,0,1006.5,1005.4795,79.200005,1,81,99,6.6185193,8.534353,202.38017,207.64589,18,Bhimavaram,16.543,81.523
263,2018-09-02 21:00:00+00:00,25.9305,85.603035,23.3305,30.046646,0,0,0,0,1005.5,1004.467,53.7,14,29,79,10.805998,22.057161,240.01845,243.85321,17.28,Bhimavaram,16.543,81.523
264,2015-11-21 07:00:00+00:00,28.961,66.574455,22.111,32.011665,0,0,0,0,1011.8,1010.7709,47.100002,43,14,0,17.873554,23.683512,71.20003,70.46326,34.92,Bhimavaram,16.543,81.523
265,2011-04-22 05:00:00+00:00,30.661001,68.542175,24.211,36.556057,0.5,0.5,0,0,1009.9,1008.8786,50.4,23,31,37,6.489992,7.7879906,146.3099,146.3099,25.919998,Bhimavaram,16.543,81.523
266,2016-05-29 01:00:00+00:00,28.861,70.50871,22.961,32.543163,0,0,0,0,1004.7,1003.67786,37.800003,0,50,26,12.245294,20.519999,271.68463,270,27.359999,Bhimavaram,16.543,81.523
267,2013-10-21 03:00:00+00:00,25.561,91.159195,24.011,29.511189,0.1,0.1,0,0,1008.5,1007.4626,77.4,26,40,100,14.799459,23.051247,48.94529,51.34017,24.119999,Bhimavaram,16.543,81.523
268,2016-07-05 21:00:00+00:00,28.611,70.03662,22.611,31.209686,0,0,0,0,1002.1,1001.0795,37.2,0,14,96,18.278645,31.614477,237.87503,239.9315,31.319998,Bhimavaram,16.543,81.523
269,2021-09-28 12:00:00+00:00,28.3305,82.83184,25.130499,34.845486,0.1,0.1,0,0,1003.2,1002.1775,27.600002,2,21,44,2.0991426,4.6938252,300.96368,265.60138,20.519999,Bhimavaram,16.543,81.523
270,2019-12-29 04:00:00+00:00,25.4305,61.647324,17.530499,25.421297,0,0,0,0,1016.8,1015.75366,16.8,12,10,0,18.58451,24.482647,68.40463,70.23275,37.44,Bhimavaram,16.543,81.523
271,2021-07-20 22:00:00+00:00,25.8305,89.8187,24.030499,29.254711,0.4,0.4,0,0,1002.2,1001.17004,92.700005,3,100,100,18.486622,32.023815,276.70975,278.4033,32.039997,Bhimavaram,16.543,81.523
272,2023-07-15 20:00:00+00:00,28.280499,79.910774,24.4805,32.960526,0,0,0,0,1004.3,1003.2763,90,2,97,100,11.792404,21.791153,257.66092,262.40546,17.64,Bhimavaram,16.543,81.523
273,2016-03-31 10:00:00+00:00,32.711,54.730045,22.411001,35.676968,0,0,0,0,1009.7,1008.6857,12,0,7,26,16.946787,21.046917,192.26476,192.8477,37.079998,Bhimavaram,16.543,81.523
274,2023-09-12 18:00:00+00:00,27.630499,82.998665,24.4805,32.538113,0,0,0,0,1005.3,1004.27313,93.3,4,100,99,10.239453,20.957443,259.8754,265.07297,16.56,Bhimavaram,16.543,81.523
275,2023-09-06 20:00:00+00:00,26.8305,91.782906,25.380499,32.94015,0,0,0,0,1002.6,1001.57306,93.600006,4,100,100,6.0347,13.708391,287.3541,256.32867,18.72,Bhimavaram,16.543,81.523
276,2023-06-03 07:00:00+00:00,35.139,36.47396,18.039,38.486446,0,0,0,0,1008.8,941.8255,35.4,0,9,100,12.313894,15.9134655,322.12497,322.3523,32.039997,Hindupur,13.83,77.49
277,2020-01-21 04:00:00+00:00,25.189,41.63943,11.238999,23.706635,0,0,0,0,1018.1,948.34766,0,0,0,0,12.758432,17.555305,106.38962,105.46127,28.44,Hindupur,13.83,77.49
278,2017-10-11 19:00:00+00:00,21.989,94.351456,21.039,25.59089,1.8,1.8,0,0,1009.2,939.33923,86.100006,6,89,91,5.4833565,9.504272,203.19862,217.30403,11.879999,Hindupur,13.83,77.49
279,2012-02-27 13:00:00+00:00,30.6085,9.918212,-4.5915003,26.651981,0,0,0,0,1007.5,939.65485,15.900001,0,0,53,8.350138,21.434364,97.43131,97.72173,28.08,Hindupur,13.83,77.49
280,2017-01-07 02:00:00+00:00,17.239,89.17155,15.438999,17.661125,0,0,0,0,1014.1,942.8006,71.1,79,0,0,9.726665,14.05845,177.87895,177.06439,18,Hindupur,13.83,77.49
281,2015-01-04 23:00:00+00:00,20.1585,91.66468,18.758501,22.035442,0,0,0,0,1013.2,942.6431,71.399994,68,17,0,9.504272,18.161278,127.30403,129.3693,16.199999,Hindupur,13.83,77.49
282,2010-01-30 01:00:00+00:00,16.8585,78.04981,13.0085,16.958046,0,0,0,0,1016.4,944.84924,13.200001,0,0,44,5.8603754,16.676977,137.4896,122.660904,11.159999,Hindupur,13.83,77.49
283,2018-11-25 15:00:00+00:00,23.189,61.926765,15.488999,23.89062,0,0,0,0,1015.1,945.1032,3.6000001,0,6,0,7.92,18.775301,90,85.60138,20.880001,Hindupur,13.83,77.49
284,2016-02-07 05:00:00+00:00,27.1085,48.938038,15.4585,28.54657,0,0,0,0,1016.6,947.37714,12.900001,0,0,43,7.42159,9.220499,219.09384,218.65984,24.119999,Hindupur,13.83,77.49
285,2019-02-04 01:00:00+00:00,18.189,86.44538,15.889,19.367123,0,0,0,0,1017.6,946.27783,9.3,3,0,22,5.7599998,15.683776,90,99.24603,11.159999,Hindupur,13.83,77.49
286,2016-07-13 04:00:00+00:00,25.8085,64.10149,18.508501,25.192505,0,0,0,0,1009.2,940.19476,91.5,100,2,1,25.764534,36.302925,262.7758,262.59317,52.199997,Hindupur,13.83,77.49
287,2016-04-19 20:00:00+00:00,28.2085,51.299522,17.2085,28.980934,0,0,0,0,1011.1,942.49255,0,0,0,0,12.245293,23.358425,155.69547,155.4099,24.119999,Hindupur,13.83,77.49
288,2011-12-02 20:00:00+00:00,20.6585,74.23201,15.908501,21.200903,0,0,0,0,1009.4,939.2222,0,0,0,0,10.163227,22.7057,157.06787,154.65387,18,Hindupur,13.83,77.49
289,2015-05-18 02:00:00+00:00,23.9585,83.59049,21.008501,26.992014,0,0,0,0,1008.5,939.1309,29.400002,1,0,95,9.255571,14.05845,256.50424,256.67545,21.599998,Hindupur,13.83,77.49
290,2019-03-12 23:00:00+00:00,21.789,46.097504,9.688999,20.711706,0,0,0,0,1013.2,943.0168,0,0,0,0,6.8777895,16.1198,222.87889,209.42737,12.599999,Hindupur,13.83,77.49
291,2023-06-30 14:00:00+00:00,27.739,61.396896,19.639,29.265285,0,0,0,0,1008.2,939.687,27,6,24,24,14.759999,24.858253,257.3196,259.9921,30.599998,Hindupur,13.83,77.49
292,2015-09-14 01:00:00+00:00,21.6585,84.37562,18.9085,22.633196,0,0,0,0,1011.4,941.3115,39.9,7,24,64,16.167967,27.047956,258.4399,260.03625,30.960001,Hindupur,13.83,77.49
293,2010-10-03 18:00:00+00:00,22.1085,94.93702,21.258501,25.73322,0.8,0.8,0,0,1010.6,940.6694,53.100002,7,46,64,6.1305785,14.565548,139.76372,140.01317,8.64,Hindupur,13.83,77.49
294,2023-01-07 20:00:00+00:00,18.039,88.66731,16.139,19.189972,0,0,0,0,1016.2,944.94086,0.9,1,0,0,6.638072,17.555305,102.5288,105.46127,14.759999,Hindupur,13.83,77.49
295,2022-03-27 14:00:00+00:00,30.789,30.53881,11.488999,29.479317,0,0,0,0,1009.7,941.74554,9.6,0,16,0,12.074766,24.546085,100.30479,94.205284,25.199999,Hindupur,13.83,77.49
296,2019-02-01 14:00:00+00:00,25.389,33.650433,8.238999,23.001392,0,0,0,0,1013.2,943.82776,21,0,35,0,13.18308,25.305208,34.9921,39.805527,22.68,Hindupur,13.83,77.49
297,2020-11-15 01:00:00+00:00,20.838999,91.13725,19.338999,22.75769,0,0,0,0,1012.6,942.24097,100,94,1,84,11.113451,19.05281,65.09527,67.79647,20.519999,Hindupur,13.83,77.49
298,2015-03-01 00:00:00+00:00,21.9085,79.53461,18.2085,23.23248,0,0,0,0,1010.6,940.62396,16.5,8,3,25,11.542478,21.26744,183.57626,182.91078,19.08,Hindupur,13.83,77.49
299,2016-04-24 17:00:00+00:00,31.008501,24.95844,8.658501,29.513206,0,0,0,0,1005.9,938.24805,16.800001,0,28,0,7.7879906,16.870138,326.3099,320.1945,14.04,Hindupur,13.83,77.49
300,2020-10-08 07:00:00+00:00,29.689,50.4009,18.289,33.84552,0,0,0,0,1008.4,940.2966,5.3999996,6,0,0,8.217153,10.315115,331.1893,330.75128,23.039999,Hindupur,13.83,77.49
301,2014-12-13 16:00:00+00:00,21.507,84.623085,18.807,24.07766,0,0,0,0,1017.3,939.439,100,100,92,77,4.896529,10.8955765,107.10281,97.59455,17.64,Madanapalle,13.55,78.5
302,2015-04-13 14:00:00+00:00,24.707,62.268204,17.007,25.70403,0,0,0,0,1014.1,937.2795,66.3,33,11,100,10.1376915,18.72346,186.1154,178.89832,16.919998,Madanapalle,13.55,78.5
303,2023-01-07 17:00:00+00:00,18.514,92.14496,17.214,20.228115,0,0,0,0,1019,940.2463,1.2,0,2,0,5.8603754,10.239453,79.380394,79.87539,10.440001,Madanapalle,13.55,78.5
304,2024-02-18 16:00:00+00:00,22.614,48.530285,11.214001,21.259195,0,0,0,0,1015.4,937.96185,29.7,0,0,99,11.841756,25.40743,109.53674,110.74616,24.48,Madanapalle,13.55,78.5
305,2018-04-30 22:00:00+00:00,25.364,75.0117,20.614,28.261265,0,0,0,0,1008.3,932.07916,46.2,0,77,0,8.759178,17.518356,189.46225,189.46225,20.16,Madanapalle,13.55,78.5
306,2023-12-03 00:00:00+00:00,20.764,98.471535,20.514,22.179296,0.2,0.2,0,0,1010.4,932.8808,100,100,5,100,18.59845,30.625402,14.574262,17.79609,33.48,Madanapalle,13.55,78.5
307,2021-03-17 05:00:00+00:00,30.814001,20.137833,5.364,29.771252,0,0,0,0,1013.1,937.82733,26.400002,0,0,88,9.511088,11.923557,119.4758,118.88649,25.56,Madanapalle,13.55,78.5
308,2020-01-22 10:00:00+00:00,27.264,46.52614,14.814,27.112198,0,0,0,0,1013.9,937.7185,0.9,1,0,0,15.111424,19.562946,102.38075,102.75753,36,Madanapalle,13.55,78.5
309,2017-10-18 17:00:00+00:00,22.164,68.805695,16.164,23.186905,0,0,0,0,1008.6,931.56866,50.100002,0,36,95,7.5685663,17.727943,295.34613,330.8325,14.04,Madanapalle,13.55,78.5
310,2015-08-09 11:00:00+00:00,28.307,57.642895,19.157,29.351376,0.4,0.4,0,0,1003.3,928.164,64.5,16,36,95,16.454008,23.863409,280.08054,281.3099,42.48,Madanapalle,13.55,78.5
311,2015-11-20 23:00:00+00:00,20.657,97.26135,20.207,23.779198,0,0,0,0,1012.4,934.70026,100,100,69,29,5.815978,9.255571,68.19853,76.50425,15.84,Madanapalle,13.55,78.5
312,2015-02-07 09:00:00+00:00,29.457,23.47742,6.457,28.40073,0,0,0,0,1013,937.41266,16.5,0,0,55,12.522619,15.596767,108.43504,108.85326,31.319998,Madanapalle,13.55,78.5
313,2021-11-15 23:00:00+00:00,21.264,98.175186,20.964,24.943953,0.1,0.1,0,0,1007.4,930.23615,100,100,5,97,4.6800003,7.072878,67.3801,75.25639,11.879999,Madanapalle,13.55,78.5
314,2023-01-19 19:00:00+00:00,15.4140005,92.860146,14.264,15.748264,0,0,0,0,1017.3,937.8729,0,0,0,0,7.289445,16.055353,122.90524,109.653915,11.159999,Madanapalle,13.55,78.5
315,2021-10-18 14:00:00+00:00,24.914,68.478096,18.714,27.364424,0,0,0,0,1009,932.6166,60.6,18,24,100,5.3999996,11.792404,270,301.26367,9.72,Madanapalle,13.55,78.5
316,2014-12-30 18:00:00+00:00,18.207,93.30175,17.107,19.673374,0,0,0,0,1009.8,931.67883,0.6,0,1,0,7.24486,16.263872,26.564985,27.699385,15.119999,Madanapalle,13.55,78.5
317,2022-11-29 12:00:00+00:00,23.564001,63.614517,16.264,24.900244,0,0,0,0,1011,934.13293,52.199997,29,9,69,5.692099,14.618837,34.69522,37.99879,20.880001,Madanapalle,13.55,78.5
318,2020-02-10 15:00:00+00:00,21.164,76.71525,16.914,21.653913,0,0,0,0,1016,938.1523,11.999999,12,2,0,13.363711,24.216522,94.635376,95.117226,24.84,Madanapalle,13.55,78.5
319,2024-01-05 09:00:00+00:00,26.214,57.140736,17.064001,27.608574,0,0,0,0,1011.9,935.6144,90.6,100,1,0,7.5685663,9.3669195,92.72626,92.20255,19.08,Madanapalle,13.55,78.5
320,2018-10-28 13:00:00+00:00,25.164,32.684685,7.614,23.203032,0,0,0,0,1011.2,934.71124,0,0,0,0,9.178235,23.233252,48.179924,49.3988,24.119999,Madanapalle,13.55,78.5
321,2020-08-20 03:00:00+00:00,24.514,70.79487,18.864,25.140717,0,0,0,0,1007.2,930.8548,31.200003,0,2,100,18.391735,27.021591,266.6336,267.70944,36.719997,Madanapalle,13.55,78.5
322,2012-06-08 18:00:00+00:00,26.507,60.35703,18.207,26.875803,0,0,0,0,1008.6,932.63403,45.300003,0,30,91,18.057508,30.703587,274.57382,274.70776,34.56,Madanapalle,13.55,78.5
323,2016-07-08 02:00:00+00:00,23.107,78.959145,19.257,23.820286,0,0,0,0,1007.8,931.0634,74.4,0,75,98,19.09358,29.195534,272.16104,272.82706,41.760002,Madanapalle,13.55,78.5
324,2018-01-10 10:00:00+00:00,22.664,66.745834,16.164,23.416224,0,0,0,0,1014.9,937.5126,100,99,94,0,9.422101,13.004921,83.41815,85.23644,25.919998,Madanapalle,13.55,78.5
325,2023-02-05 16:00:00+00:00,20.164,59.253998,11.964001,19.763706,0,0,0,0,1015,936.97614,0,0,0,0,6.9153743,19.08,128.65984,121.890755,16.56,Madanapalle,13.55,78.5
326,2010-10-03 07:00:00+00:00,30.513,72.95421,25.113,37.509277,0.2,0.2,0,0,1007.3,1006.2808,51.9,23,32,40,7.42159,8.942214,129.09386,130.10085,17.64,Amalapuram,16.5787,82.0061
327,2018-02-22 12:00:00+00:00,26.706501,61.547817,18.706501,28.012867,0,0,0,0,1008.7,1007.66644,0.6,0,1,0,13.207634,19.734436,162.55272,165.20319,34.56,Amalapuram,16.5787,82.0061
328,2019-07-01 08:00:00+00:00,28.6065,75.52982,23.8565,31.918423,0.2,0.2,0,0,999.9,998.88184,100,28,99,81,18.486622,27.869207,263.29025,264.06857,41.399998,Amalapuram,16.5787,82.0061
329,2017-05-21 05:00:00+00:00,35.7565,57.304153,26.0065,42.916733,0,0,0,0,1004.5,1003.5006,10.5,3,0,26,10.853866,14.205182,185.7105,188.74608,29.88,Amalapuram,16.5787,82.0061
330,2021-03-27 23:00:00+00:00,24.3065,98.216125,24.0065,29.467468,0,0,0,0,1007.6,1006.5591,10.5,11,1,0,6.489992,10.195057,266.82022,222.13753,8.64,Amalapuram,16.5787,82.0061
331,2014-04-14 10:00:00+00:00,32.413002,56.34474,22.613,36.13112,0,0,0,0,1009.3,1008.28516,7.5,8,0,1,14.440443,18.057508,184.28908,184.57384,32.039997,Amalapuram,16.5787,82.0061
332,2017-09-23 08:00:00+00:00,31.1565,66.413345,24.1565,36.024986,0,0,0,0,1006.4,1005.38367,78,38,40,66,10.44,14.291592,226.39711,229.08571,27.72,Amalapuram,16.5787,82.0061
333,2011-05-28 20:00:00+00:00,29.513,79.60013,25.613,35.24143,0,0,0,0,1002.2,1001.18256,30.000002,0,2,96,9.686609,19.346441,221.98714,224.9999,16.199999,Amalapuram,16.5787,82.0061
334,2012-07-22 22:00:00+00:00,27.313,88.07215,25.163,32.74473,0,0,0,0,1000.9,999.8764,45.9,1,25,100,9.686609,20.12461,228.01286,227.17476,20.16,Amalapuram,16.5787,82.0061
335,2019-08-08 16:00:00+00:00,27.2565,89.920616,25.456501,31.529758,0.6,0.6,0,0,1001.3,1000.27594,24.900002,0,33,17,18.971008,34.449196,213.38853,214.35439,37.8,Amalapuram,16.5787,82.0061
336,2017-08-09 09:00:00+00:00,28.456501,82.10978,25.1065,33.728245,2.7,2.7,0,0,1004.3,1003.2767,100,14,100,100,10.514218,15.696165,218.04709,216.60716,33.839996,Amalapuram,16.5787,82.0061
337,2018-06-03 15:00:00+00:00,29.9065,83.74864,26.8565,36.436626,0,0,0,0,1002.4,1001.38367,31.2,0,18,68,10.1376915,19.201874,186.1154,186.45872,22.319998,Amalapuram,16.5787,82.0061
338,2018-05-24 17:00:00+00:00,28.9065,82.16366,25.5565,34.546227,0,0,0,0,1005.5,1004.47705,28.500002,0,0,95,10.041354,18.59845,165.4655,165.42575,21.24,Amalapuram,16.5787,82.0061
339,2017-10-15 02:00:00+00:00,27.5565,86.01948,25.0065,33.18998,0,0,0,0,1006.7,1005.6714,25.5,5,3,64,7.5942082,11.983188,301.4295,302.7352,17.28,Amalapuram,16.5787,82.0061
340,2012-05-11 04:00:00+00:00,31.913,66.564835,24.913,37.485546,0,0,0,0,1008.4,1007.3842,13.799999,12,4,2,9.422101,11.252519,186.58185,187.35228,24.48,Amalapuram,16.5787,82.0061
341,2021-07-27 15:00:00+00:00,28.706501,78.07867,24.5065,33.486988,0,0,0,0,1002.5,1001.4795,31.200003,0,2,100,11.212135,24.29133,227.60262,230.4119,22.319998,Amalapuram,16.5787,82.0061
342,2022-02-04 10:00:00+00:00,28.3565,58.74086,19.5065,30.03769,0.5,0.5,0,0,1007.3,1006.27325,38.4,21,23,19,13.246826,18.626305,227.20262,228.91835,30.960001,Amalapuram,16.5787,82.0061
343,2016-03-30 15:00:00+00:00,28.463001,75.73478,23.763,32.890194,0,0,0,0,1013.1,1012.06793,19.8,0,10,46,10.446206,17.643673,178.02512,178.83089,23.039999,Amalapuram,16.5787,82.0061
344,2022-12-01 19:00:00+00:00,24.4065,96.75331,23.8565,29.378742,0,0,0,0,1011.2,1010.1557,15.9,17,1,0,7.145796,15.990646,49.085716,58.81509,12.959999,Amalapuram,16.5787,82.0061
345,2012-03-25 12:00:00+00:00,29.963001,59.11492,21.113,32.293896,0,0,0,0,1009.4,1008.37683,0,0,0,0,14.4,19.44,180,180,30.239998,Amalapuram,16.5787,82.0061
346,2016-02-09 16:00:00+00:00,25.213001,81.217,21.763,28.67503,0,0,0,0,1013.4,1012.3564,4.8,0,7,2,9.107359,17.208603,161.56496,164.21918,15.84,Amalapuram,16.5787,82.0061
347,2021-12-29 11:00:00+00:00,26.206501,68.72981,20.0065,28.127403,0,0,0,0,1013.3,1012.25995,9,8,3,0,13.32,19.08,90,90,28.8,Amalapuram,16.5787,82.0061
348,2018-03-13 22:00:00+00:00,22.0565,99.69564,22.0065,26.017656,0,0,0,0,1009.4,1008.3493,24.9,27,0,2,6.638072,11.090103,282.5288,234.24602,11.5199995,Amalapuram,16.5787,82.0061
349,2015-11-04 07:00:00+00:00,29.313,69.744064,23.213001,33.562824,0,0,0,0,1011.8,1010.77216,35.7,25,22,0,13.527572,17.551615,64.79892,64.48618,28.8,Amalapuram,16.5787,82.0061
350,2019-05-15 02:00:00+00:00,30.956501,72.81288,25.5065,35.815365,0,0,0,0,1007.9,1006.8816,33.899998,37,1,0,15.137133,21.575987,205.34613,205.7099,33.48,Amalapuram,16.5787,82.0061
351,2014-01-16 00:00:00+00:00,20.5545,94.87856,19.7045,23.901829,0,0,0,0,1015.7,1014.2836,42.3,37,15,0,2.5455842,4.3349743,44.999897,85.23644,9.36,Pithapuram,17.1167,82.2667
352,2015-02-07 05:00:00+00:00,26.5045,55.2531,16.8045,27.506506,0,0,0,0,1017.5,1016.1091,40.5,13,0,96,13.441071,15.716793,69.62349,69.904686,27.359999,Pithapuram,17.1167,82.2667
353,2017-04-03 08:00:00+00:00,33.760998,52.706295,22.761,38.321297,0,0,0,0,1008.7,1007.35364,6.6000004,1,3,13,18.057508,23.491207,156.50142,164.89885,42.839996,Pithapuram,17.1167,82.2667
354,2016-11-04 04:00:00+00:00,27.9545,65.35872,20.8545,29.991531,0,0,0,0,1008.7,1007.3278,34.2,0,8,98,15.496736,19.083395,357.33707,358.9191,31.319998,Pithapuram,17.1167,82.2667
355,2012-10-22 03:00:00+00:00,26.9545,80.216545,23.2545,30.239902,0,0,0,0,1015,1013.6148,38.4,10,20,58,16.179987,20.3774,57.724377,57.99466,33.12,Pithapuram,17.1167,82.2667
356,2021-12-26 07:00:00+00:00,27.211,66.42359,20.411001,30.46708,0,0,0,0,1015.3,1013.91534,17.1,7,18,0,10.233123,12.229406,129.28938,132.61403,26.28,Pithapuram,17.1167,82.2667
357,2010-06-09 09:00:00+00:00,32.504498,68.0816,25.8545,40.2112,0,0,0,0,1001.3,999.95825,42.600002,2,19,98,2.6208394,2.0991426,105.945465,120.96369,11.5199995,Pithapuram,17.1167,82.2667
358,2015-08-25 06:00:00+00:00,30.9545,69.21652,24.654501,35.626953,0,0,0,0,1004.5,1003.14703,22.2,0,5,64,12.57426,18.1041,283.24054,287.3541,31.319998,Pithapuram,17.1167,82.2667
359,2014-04-12 12:00:00+00:00,30.7545,68.35491,24.2545,35.20237,0,0,0,0,1007.1,1005.74255,13.800001,0,9,28,12.371645,16.215992,171.6342,177.45525,21.24,Pithapuram,17.1167,82.2667
360,2016-02-12 20:00:00+00:00,24.2545,84.6546,21.5045,28.669281,0,0,0,0,1011.9,1010.5063,15.6,0,0,52,1.609969,2.5959969,243.43501,213.6901,5.7599998,Pithapuram,17.1167,82.2667
361,2021-09-20 10:00:00+00:00,27.461,86.26719,24.961,33.076122,8.6,8.6,0,0,1004.5,1003.1313,56.1,12,26,99,7.5170207,10.587917,253.30067,252.18102,32.399998,Pithapuram,17.1167,82.2667
362,2011-10-06 07:00:00+00:00,32.004498,55.905407,22.1045,37.47704,0,0,0,0,1010.2,1008.84406,16.2,5,19,1,5.3999996,6.1094027,216.86998,224.9999,14.4,Pithapuram,17.1167,82.2667
363,2021-03-05 10:00:00+00:00,31.411001,52.43943,20.511,33.134888,0,0,0,0,1010.3,1008.9411,0,0,0,0,19.652176,26.474077,151.55717,157.61983,42.48,Pithapuram,17.1167,82.2667
364,2011-11-20 22:00:00+00:00,22.4545,84.724335,19.7545,25.06042,0,0,0,0,1014.2,1012.79456,0,0,0,0,7.7879906,13.044722,33.6901,39.400646,14.04,Pithapuram,17.1167,82.2667
365,2013-01-10 23:00:00+00:00,20.3045,95.46049,19.5545,23.29157,0,0,0,0,1013.3,1011.8856,21.3,23,1,0,4.510787,8.404285,28.610369,46.73567,9.72,Pithapuram,17.1167,82.2667
366,2023-06-13 13:00:00+00:00,32.060997,58.52505,22.911001,37.174667,0.4,0.4,0,0,999.4,998.05853,38.7,0,15,99,2.1897945,7.2,80.53775,36.86999,37.44,Pithapuram,17.1167,82.2667
367,2023-08-13 23:00:00+00:00,27.461,86.01031,24.911001,33.026024,0,0,0,0,1005.5,1004.1299,30.000002,0,0,100,7.6367526,15.84,261.87,270,14.04,Pithapuram,17.1167,82.2667
368,2013-03-31 10:00:00+00:00,32.6045,54.870678,22.3545,35.939285,0,0,0,0,1006.1,1004.752,0.6,0,1,0,15.856356,19.45333,177.39749,182.12105,27,Pithapuram,17.1167,82.2667
369,2012-12-14 19:00:00+00:00,22.9545,91.832115,21.5545,26.341482,0,0,0,0,1016.6,1015.1937,2.6999998,3,0,0,8.854829,12.181625,63.435013,71.0295,13.32,Pithapuram,17.1167,82.2667
370,2010-12-02 16:00:00+00:00,25.154501,78.27906,21.1045,26.745644,0,0,0,0,1012.8,1011.40924,15.900001,5,6,26,19.486609,28.03612,64.855255,65.738716,31.68,Pithapuram,17.1167,82.2667
371,2016-04-05 17:00:00+00:00,28.0045,79.634796,24.154501,32.476555,0,0,0,0,1010,1008.6263,0,0,0,0,11.808878,18.289274,217.56866,216.1933,21.96,Pithapuram,17.1167,82.2667
372,2023-12-28 03:00:00+00:00,24.111,79.10023,20.261,26.613195,0,0,0,0,1018.6,1017.1964,27.6,1,0,89,10.233123,15.281989,39.289394,43.09086,21.599998,Pithapuram,17.1167,82.2667
373,2010-05-21 02:00:00+00:00,28.2545,84.3155,25.3545,32.5146,0.2,0.2,0,0,1000.9,999.5396,100,68,71,100,18.581022,28.772987,144.46223,148.29861,38.88,Pithapuram,17.1167,82.2667
374,2018-07-02 17:00:00+00:00,27.761,88.63359,25.711,33.584774,0,0,0,0,1005.5,1004.1312,24.600002,0,28,26,9.511088,18.057508,209.4758,203.49858,20.519999,Pithapuram,17.1167,82.2667
375,2012-04-15 02:00:00+00:00,27.0545,80.715256,23.4545,31.635048,0,0,0,0,1011.1,1009.72034,31.8,4,1,92,8.12197,10.041354,257.19574,255.4655,15.84,Pithapuram,17.1167,82.2667
376,2021-11-21 18:00:00+00:00,23.9805,97.32825,23.530499,29.228024,0,0,0,0,1011.7,1009.2608,30.300003,13,17,28,3.8939953,11.013882,56.3099,78.6901,6.8399997,Ellore,16.71,81.09
377,2016-08-07 15:00:00+00:00,28.511,74.162224,23.461,33.087345,0,0,0,0,1005,1002.6133,40.200005,0,17,100,8.161764,19.453327,228.57643,231.009,14.04,Ellore,16.71,81.09
378,2021-09-21 15:00:00+00:00,28.0805,78.93144,24.0805,33.05434,0,0,0,0,1004.9,1002.5101,66.9,6,53,99,8.049845,17.28,259.69522,270,14.759999,Ellore,16.71,81.09
379,2023-01-16 15:00:00+00:00,23.5805,72.41818,18.3305,25.4576,0,0,0,0,1014.2,1011.7515,0,0,0,0,8.12197,17.811815,167.19574,165.96373,21.24,Ellore,16.71,81.09
380,2016-11-21 16:00:00+00:00,23.961,77.14367,19.711,26.927963,0,0,0,0,1013.5,1011.05646,6.6000004,0,0,22,5.154415,14.81259,155.22488,154.05775,14.4,Ellore,16.71,81.09
381,2020-06-08 08:00:00+00:00,37.4805,35.0985,19.4805,39.090603,0,0,0,0,1001.3,998.9906,33,0,5,100,13.551501,17.884428,309.61066,310.10083,35.64,Ellore,16.71,81.09
382,2021-09-03 03:00:00+00:00,27.380499,81.488976,23.9305,32.54365,0,0,0,0,1005.9,1003.50214,37.199997,36,6,4,6.12,8.049845,331.9276,333.43503,16.919998,Ellore,16.71,81.09
383,2022-05-07 06:00:00+00:00,36.4305,46.072304,22.9805,43.72984,0,0,0,0,1005.6,1003.27295,6.6000004,0,2,18,3.0758414,3.671294,159.44388,168.69011,18,Ellore,16.71,81.09
384,2011-01-01 01:00:00+00:00,17.411001,95.66454,16.711,18.798355,0,0,0,0,1009.9,1007.41016,0,0,0,0,6.638072,15.937878,49.398785,71.564964,10.440001,Ellore,16.71,81.09
385,2015-04-11 12:00:00+00:00,34.411,39.119133,18.511,36.297714,0,0,0,0,1007.4,1005.0533,4.5,0,6,3,8.534353,12.879752,152.35411,153.43501,21.24,Ellore,16.71,81.09
386,2015-08-24 02:00:00+00:00,27.211,80.49257,23.561,32.059494,0,0,0,0,1006.8,1004.3986,60.3,9,40,94,6.725354,12.904882,285.52417,292.98874,15.4800005,Ellore,16.71,81.09
387,2015-10-18 09:00:00+00:00,31.611,59.134365,22.661001,36.297215,0,0,0,0,1011.6,1009.222,18,10,15,0,5.04,6.4799995,90,90,16.199999,Ellore,16.71,81.09
388,2011-04-14 06:00:00+00:00,33.711,47.20866,20.911001,38.75419,0,0,0,0,1010.8,1008.44006,22.199999,24,1,0,8.287822,10.587918,145.6196,144.6887,25.199999,Ellore,16.71,81.09
389,2010-12-01 11:00:00+00:00,28.361,65.443085,21.261,31.676273,0,0,0,0,1008.5,1006.10376,29.4,12,28,6,8.209263,14.759999,105.25517,102.680374,22.68,Ellore,16.71,81.09
390,2022-08-29 16:00:00+00:00,26.780499,92.60198,25.4805,33.250328,0,0,0,0,1008.4,1005.99133,7.8,0,13,0,4.0249224,11.298495,100.30479,112.47948,10.799999,Ellore,16.71,81.09
391,2018-10-17 09:00:00+00:00,28.280499,78.252,24.130499,33.82049,0,0,0,0,1010.1,1007.69934,44.1,10,9,99,4.379589,5.8048253,170.53775,172.87508,16.56,Ellore,16.71,81.09
392,2017-05-13 23:00:00+00:00,27.630499,88.36054,25.530499,33.63839,0,0,0,0,1005.3,1002.90564,28.500002,9,33,2,7.4128532,15.0038395,209.0545,210.25635,14.4,Ellore,16.71,81.09
393,2012-05-17 22:00:00+00:00,28.461,82.60075,25.211,34.886513,0,0,0,0,1002.1,999.7199,0,0,0,0,3.0758414,4.829907,69.44387,153.43501,11.159999,Ellore,16.71,81.09
394,2013-10-18 20:00:00+00:00,24.811,92.77593,23.561,30.029308,0,0,0,0,1010.3,1007.8711,38.700005,4,22,73,4.2136917,8.669949,70.01681,94.76356,5.7599998,Ellore,16.71,81.09
395,2018-03-27 07:00:00+00:00,35.8805,38.07416,19.380499,40.723534,0,0,0,0,1010.3,1007.9579,25.800001,0,0,86,6.9899354,8.905908,191.88864,194.03627,23.4,Ellore,16.71,81.09
396,2013-09-30 07:00:00+00:00,29.161001,72.504616,23.711,33.282757,0,0,0,0,1003.7,1001.3214,95.700005,7,99,100,12.313893,17.418196,285.25516,288.06055,27.359999,Ellore,16.71,81.09
397,2013-10-19 02:00:00+00:00,25.661001,88.99965,23.711,30.87003,0,0,0,0,1011.7,1009.27435,14.7,3,18,4,4.896529,7.5685663,17.102825,25.346138,11.879999,Ellore,16.71,81.09
398,2012-08-08 00:00:00+00:00,26.211,83.33678,23.161001,30.353058,0,0,0,0,1004.1,1001.6972,31.5,9,37,4,9.931042,20.620804,223.53127,225.70723,18.359999,Ellore,16.71,81.09
399,2020-10-20 22:00:00+00:00,24.0805,98.805626,23.880499,29.552021,0,0,0,0,1005.3,1002.87714,42,6,12,98,3.8268526,6.28713,311.18582,336.3706,6.12,Ellore,16.71,81.09
400,2011-06-27 07:00:00+00:00,34.060997,47.8836,21.461,36.257336,0,0,0,0,1001.3,998.96497,58.800003,2,45,100,18.228943,25.153671,279.09018,279.0578,47.16,Ellore,16.71,81.09
